true_label,predicted_label,prob_class_0,prob_class_1,prob_class_2,prob_class_3,prob_class_4,prob_class_5,prob_class_6,prob_class_7,prob_class_8,prob_class_9
3,2,0.15,0.03,0.16,0.16,0.05,0.11,0.12,0.02,0.12,0.08
2,2,0.01,0.01,0.88,0.04,0.0,0.0,0.02,0.01,0.03,0.0
8,8,0.01,0.0,0.03,0.05,0.0,0.04,0.0,0.02,0.81,0.04
0,0,0.87,0.0,0.03,0.02,0.01,0.05,0.01,0.0,0.0,0.01
1,1,0.0,0.99,0.0,0.0,0.0,0.0,0.01,0.0,0.0,0.0
0,0,0.87,0.0,0.02,0.0,0.0,0.01,0.04,0.0,0.03,0.03
0,0,0.98,0.0,0.0,0.0,0.0,0.0,0.01,0.01,0.0,0.0
6,6,0.0,0.0,0.01,0.0,0.01,0.01,0.96,0.0,0.0,0.01
0,0,0.75,0.01,0.02,0.02,0.01,0.09,0.01,0.04,0.02,0.03
2,2,0.01,0.01,0.86,0.04,0.02,0.0,0.03,0.01,0.02,0.0
8,8,0.04,0.0,0.02,0.07,0.0,0.1,0.01,0.01,0.71,0.04
6,0,0.32,0.0,0.11,0.09,0.05,0.08,0.21,0.01,0.1,0.03
0,0,0.68,0.0,0.04,0.03,0.0,0.07,0.1,0.0,0.05,0.03
5,5,0.03,0.0,0.01,0.03,0.03,0.84,0.01,0.0,0.03,0.02
4,4,0.01,0.0,0.0,0.0,0.9,0.01,0.04,0.0,0.0,0.04
7,7,0.0,0.02,0.04,0.08,0.01,0.0,0.0,0.83,0.0,0.02
9,4,0.01,0.08,0.02,0.01,0.29,0.13,0.03,0.12,0.11,0.2
8,8,0.0,0.0,0.01,0.0,0.0,0.01,0.01,0.01,0.96,0.0
3,3,0.01,0.01,0.03,0.9,0.0,0.03,0.0,0.0,0.02,0.0
8,8,0.01,0.04,0.03,0.06,0.01,0.01,0.02,0.03,0.78,0.01
3,3,0.03,0.01,0.01,0.73,0.01,0.15,0.0,0.0,0.02,0.04
1,1,0.0,0.97,0.01,0.02,0.0,0.0,0.0,0.0,0.0,0.0
4,4,0.0,0.01,0.05,0.1,0.65,0.04,0.02,0.02,0.02,0.09
9,9,0.0,0.0,0.01,0.01,0.04,0.0,0.01,0.03,0.03,0.87
1,1,0.0,0.98,0.02,0.0,0.0,0.0,0.0,0.0,0.0,0.0
6,6,0.0,0.0,0.03,0.0,0.02,0.0,0.93,0.01,0.01,0.0
0,0,0.29,0.0,0.11,0.15,0.05,0.14,0.2,0.0,0.04,0.02
2,2,0.0,0.01,0.9,0.02,0.0,0.02,0.01,0.01,0.02,0.01
0,0,0.95,0.0,0.01,0.01,0.01,0.01,0.0,0.0,0.01,0.0
6,6,0.0,0.01,0.0,0.01,0.03,0.01,0.9,0.01,0.01,0.02
6,6,0.01,0.0,0.0,0.0,0.0,0.0,0.99,0.0,0.0,0.0
1,1,0.0,1.0,0.0,0.0,0.0,0.0,0.0,0.0,0.0,0.0
8,8,0.01,0.19,0.12,0.03,0.03,0.0,0.04,0.09,0.47,0.02
7,7,0.0,0.0,0.0,0.0,0.05,0.0,0.0,0.89,0.01,0.05
2,8,0.12,0.0,0.2,0.13,0.08,0.09,0.06,0.02,0.27,0.03
5,5,0.02,0.0,0.02,0.08,0.03,0.64,0.08,0.01,0.09,0.03
4,4,0.01,0.0,0.0,0.0,0.97,0.02,0.0,0.0,0.0,0.0
2,2,0.0,0.0,0.98,0.02,0.0,0.0,0.0,0.0,0.0,0.0
5,5,0.01,0.01,0.01,0.16,0.01,0.7,0.01,0.0,0.07,0.02
9,9,0.0,0.0,0.0,0.0,0.0,0.0,0.0,0.01,0.0,0.99
2,2,0.01,0.01,0.89,0.0,0.01,0.0,0.01,0.02,0.05,0.0
0,0,0.91,0.0,0.0,0.0,0.0,0.05,0.01,0.0,0.03,0.0
0,0,0.98,0.0,0.01,0.0,0.0,0.01,0.0,0.0,0.0,0.0
3,3,0.01,0.02,0.01,0.46,0.03,0.39,0.0,0.01,0.06,0.01
4,4,0.01,0.01,0.01,0.06,0.67,0.03,0.02,0.07,0.02,0.1
2,2,0.02,0.0,0.9,0.0,0.01,0.03,0.02,0.0,0.01,0.01
6,6,0.01,0.0,0.02,0.0,0.02,0.0,0.95,0.0,0.0,0.0
1,1,0.0,1.0,0.0,0.0,0.0,0.0,0.0,0.0,0.0,0.0
6,6,0.0,0.0,0.02,0.0,0.0,0.0,0.97,0.0,0.01,0.0
1,1,0.0,0.98,0.0,0.0,0.01,0.0,0.0,0.01,0.0,0.0
9,9,0.01,0.01,0.0,0.08,0.08,0.08,0.01,0.11,0.07,0.55
9,9,0.0,0.0,0.0,0.0,0.02,0.01,0.0,0.04,0.0,0.93
7,7,0.03,0.0,0.01,0.02,0.02,0.02,0.0,0.84,0.01,0.05
7,7,0.0,0.0,0.0,0.01,0.0,0.0,0.0,0.99,0.0,0.0
0,0,0.86,0.0,0.01,0.02,0.0,0.09,0.01,0.0,0.01,0.0
1,1,0.0,0.97,0.01,0.01,0.0,0.0,0.0,0.0,0.01,0.0
4,4,0.0,0.0,0.01,0.02,0.76,0.04,0.01,0.02,0.03,0.11
0,0,0.89,0.0,0.01,0.02,0.0,0.04,0.0,0.03,0.0,0.01
7,7,0.01,0.01,0.13,0.06,0.0,0.0,0.0,0.55,0.23,0.01
7,7,0.0,0.0,0.0,0.0,0.01,0.0,0.0,0.98,0.0,0.01
8,8,0.05,0.0,0.06,0.03,0.05,0.05,0.0,0.01,0.73,0.02
2,2,0.01,0.0,0.87,0.0,0.02,0.01,0.03,0.0,0.03,0.03
6,6,0.13,0.0,0.02,0.0,0.01,0.06,0.76,0.0,0.02,0.0
5,5,0.03,0.0,0.02,0.08,0.05,0.53,0.08,0.02,0.11,0.08
7,7,0.0,0.0,0.0,0.0,0.0,0.0,0.0,1.0,0.0,0.0
1,1,0.0,0.99,0.0,0.01,0.0,0.0,0.0,0.0,0.0,0.0
1,1,0.0,1.0,0.0,0.0,0.0,0.0,0.0,0.0,0.0,0.0
6,6,0.0,0.0,0.02,0.01,0.01,0.01,0.93,0.0,0.02,0.0
1,1,0.0,1.0,0.0,0.0,0.0,0.0,0.0,0.0,0.0,0.0
8,8,0.01,0.08,0.03,0.12,0.02,0.07,0.05,0.03,0.57,0.02
1,1,0.0,1.0,0.0,0.0,0.0,0.0,0.0,0.0,0.0,0.0
3,3,0.0,0.04,0.06,0.5,0.0,0.17,0.08,0.0,0.12,0.03
2,2,0.02,0.05,0.83,0.04,0.0,0.01,0.01,0.02,0.02,0.0
7,7,0.0,0.0,0.0,0.01,0.0,0.0,0.0,0.98,0.0,0.01
9,9,0.04,0.0,0.13,0.02,0.14,0.03,0.02,0.08,0.06,0.48
2,2,0.05,0.02,0.8,0.01,0.03,0.07,0.01,0.0,0.01,0.0
2,2,0.0,0.01,0.94,0.0,0.01,0.01,0.0,0.02,0.0,0.01
5,5,0.01,0.01,0.0,0.06,0.01,0.74,0.02,0.02,0.09,0.04
3,3,0.0,0.0,0.0,0.98,0.0,0.02,0.0,0.0,0.0,0.0
8,8,0.03,0.02,0.06,0.05,0.0,0.01,0.0,0.0,0.83,0.0
1,1,0.0,0.75,0.05,0.0,0.0,0.02,0.02,0.0,0.15,0.01
6,6,0.03,0.01,0.05,0.0,0.01,0.06,0.78,0.01,0.04,0.01
8,8,0.01,0.05,0.09,0.15,0.01,0.1,0.04,0.01,0.5,0.04
0,0,0.91,0.01,0.0,0.0,0.0,0.05,0.01,0.01,0.0,0.01
9,9,0.0,0.0,0.04,0.09,0.15,0.03,0.01,0.05,0.03,0.6
1,1,0.0,1.0,0.0,0.0,0.0,0.0,0.0,0.0,0.0,0.0
7,7,0.0,0.0,0.0,0.01,0.0,0.0,0.0,0.99,0.0,0.0
7,7,0.0,0.0,0.0,0.0,0.0,0.0,0.0,1.0,0.0,0.0
7,7,0.0,0.0,0.0,0.0,0.0,0.0,0.0,1.0,0.0,0.0
5,5,0.02,0.0,0.03,0.07,0.01,0.67,0.01,0.01,0.17,0.01
6,6,0.07,0.01,0.05,0.05,0.02,0.01,0.73,0.04,0.01,0.01
6,6,0.0,0.01,0.02,0.0,0.0,0.02,0.92,0.0,0.03,0.0
9,9,0.0,0.0,0.05,0.03,0.09,0.01,0.05,0.02,0.02,0.73
9,9,0.02,0.0,0.0,0.03,0.13,0.19,0.0,0.04,0.05,0.54
9,9,0.02,0.0,0.01,0.01,0.09,0.35,0.02,0.03,0.01,0.46
4,4,0.0,0.01,0.02,0.01,0.91,0.01,0.03,0.0,0.01,0.0
3,3,0.0,0.03,0.01,0.76,0.01,0.01,0.0,0.04,0.06,0.08
8,8,0.05,0.0,0.03,0.04,0.02,0.04,0.01,0.05,0.71,0.05
7,7,0.0,0.02,0.01,0.19,0.01,0.0,0.0,0.61,0.02,0.14
6,6,0.01,0.02,0.07,0.09,0.07,0.1,0.5,0.02,0.1,0.02
6,6,0.0,0.0,0.0,0.0,0.0,0.0,0.99,0.0,0.0,0.01
8,8,0.04,0.03,0.1,0.08,0.0,0.04,0.03,0.0,0.67,0.01
9,9,0.0,0.04,0.02,0.06,0.07,0.05,0.0,0.05,0.07,0.64
4,4,0.0,0.0,0.11,0.02,0.68,0.01,0.1,0.03,0.02,0.03
9,9,0.0,0.0,0.0,0.01,0.01,0.0,0.0,0.0,0.01,0.97
2,2,0.0,0.0,0.96,0.01,0.0,0.0,0.01,0.0,0.02,0.0
0,0,0.98,0.0,0.01,0.0,0.0,0.0,0.0,0.01,0.0,0.0
8,8,0.01,0.01,0.08,0.09,0.02,0.07,0.02,0.01,0.67,0.02
7,7,0.13,0.01,0.0,0.01,0.07,0.04,0.01,0.62,0.0,0.11
2,2,0.09,0.01,0.6,0.05,0.01,0.01,0.04,0.03,0.14,0.02
2,2,0.01,0.0,0.73,0.05,0.0,0.01,0.01,0.0,0.19,0.0
1,1,0.0,0.98,0.0,0.0,0.0,0.0,0.0,0.01,0.01,0.0
4,4,0.02,0.0,0.09,0.01,0.67,0.04,0.09,0.02,0.03,0.03
1,1,0.0,0.86,0.06,0.03,0.0,0.0,0.0,0.0,0.04,0.01
7,7,0.0,0.01,0.0,0.0,0.01,0.01,0.0,0.88,0.02,0.07
4,4,0.01,0.02,0.03,0.0,0.82,0.01,0.03,0.04,0.01,0.03
7,7,0.02,0.01,0.07,0.03,0.01,0.02,0.03,0.54,0.21,0.06
2,2,0.02,0.0,0.5,0.04,0.01,0.03,0.0,0.06,0.31,0.03
9,9,0.0,0.0,0.0,0.01,0.01,0.0,0.0,0.01,0.01,0.96
0,0,1.0,0.0,0.0,0.0,0.0,0.0,0.0,0.0,0.0,0.0
8,8,0.02,0.01,0.05,0.09,0.04,0.08,0.03,0.02,0.61,0.05
8,8,0.04,0.0,0.05,0.09,0.02,0.1,0.0,0.0,0.69,0.01
0,0,0.88,0.0,0.02,0.01,0.02,0.02,0.03,0.0,0.02,0.0
7,7,0.02,0.02,0.09,0.0,0.02,0.02,0.01,0.56,0.17,0.09
9,9,0.01,0.0,0.0,0.02,0.02,0.0,0.0,0.01,0.02,0.92
3,3,0.03,0.0,0.15,0.49,0.01,0.09,0.03,0.01,0.15,0.04
8,8,0.02,0.03,0.09,0.14,0.02,0.12,0.06,0.01,0.49,0.02
0,0,0.95,0.01,0.0,0.01,0.01,0.01,0.0,0.0,0.0,0.01
7,7,0.01,0.0,0.01,0.0,0.0,0.01,0.0,0.9,0.03,0.04
4,4,0.0,0.04,0.0,0.0,0.74,0.02,0.04,0.03,0.07,0.06
2,2,0.01,0.07,0.35,0.03,0.04,0.02,0.08,0.29,0.05,0.06
7,7,0.0,0.06,0.06,0.13,0.01,0.0,0.0,0.69,0.01,0.04
2,2,0.0,0.0,0.96,0.01,0.0,0.0,0.0,0.0,0.02,0.01
1,1,0.0,1.0,0.0,0.0,0.0,0.0,0.0,0.0,0.0,0.0
2,2,0.11,0.01,0.46,0.03,0.06,0.13,0.08,0.01,0.05,0.06
5,5,0.01,0.03,0.06,0.04,0.06,0.52,0.08,0.0,0.18,0.02
9,9,0.0,0.01,0.0,0.03,0.23,0.04,0.02,0.07,0.01,0.59
4,4,0.02,0.0,0.01,0.0,0.84,0.01,0.01,0.02,0.0,0.09
2,2,0.02,0.0,0.78,0.03,0.05,0.01,0.02,0.05,0.01,0.03
0,0,0.95,0.0,0.0,0.0,0.0,0.01,0.02,0.0,0.01,0.01
7,7,0.0,0.0,0.0,0.0,0.0,0.0,0.0,1.0,0.0,0.0
4,4,0.06,0.0,0.02,0.0,0.82,0.01,0.07,0.0,0.02,0.0
3,3,0.02,0.0,0.03,0.69,0.01,0.11,0.01,0.03,0.07,0.03
4,4,0.0,0.01,0.0,0.0,0.92,0.01,0.0,0.02,0.0,0.04
1,1,0.0,0.97,0.0,0.01,0.0,0.0,0.01,0.0,0.0,0.01
1,1,0.0,0.53,0.24,0.09,0.0,0.02,0.03,0.05,0.03,0.01
6,6,0.31,0.0,0.0,0.02,0.07,0.06,0.35,0.13,0.02,0.04
0,0,0.73,0.0,0.0,0.03,0.01,0.05,0.1,0.04,0.01,0.03
3,3,0.0,0.26,0.07,0.4,0.02,0.11,0.02,0.03,0.03,0.06
7,7,0.0,0.0,0.0,0.0,0.0,0.0,0.0,1.0,0.0,0.0
7,7,0.01,0.0,0.02,0.0,0.02,0.0,0.0,0.94,0.0,0.01
8,8,0.03,0.0,0.03,0.05,0.08,0.13,0.02,0.02,0.56,0.08
3,3,0.0,0.01,0.01,0.92,0.01,0.04,0.0,0.0,0.01,0.0
6,6,0.01,0.0,0.0,0.01,0.0,0.01,0.91,0.0,0.06,0.0
2,2,0.01,0.09,0.77,0.04,0.0,0.03,0.02,0.0,0.04,0.0
7,7,0.0,0.0,0.0,0.0,0.0,0.0,0.0,1.0,0.0,0.0
1,1,0.0,1.0,0.0,0.0,0.0,0.0,0.0,0.0,0.0,0.0
6,6,0.1,0.0,0.01,0.04,0.04,0.11,0.62,0.01,0.05,0.02
1,1,0.0,0.99,0.0,0.0,0.0,0.0,0.0,0.0,0.0,0.01
4,9,0.0,0.0,0.02,0.01,0.36,0.04,0.02,0.15,0.03,0.37
5,5,0.03,0.01,0.04,0.13,0.05,0.45,0.07,0.02,0.17,0.03
9,9,0.01,0.0,0.04,0.06,0.24,0.08,0.0,0.1,0.11,0.36
0,0,0.82,0.0,0.03,0.0,0.01,0.0,0.09,0.01,0.03,0.01
2,2,0.0,0.0,0.95,0.02,0.0,0.01,0.01,0.0,0.01,0.0
9,9,0.0,0.0,0.0,0.02,0.04,0.01,0.0,0.03,0.01,0.89
0,0,0.9,0.0,0.01,0.02,0.01,0.03,0.0,0.0,0.02,0.01
7,7,0.0,0.1,0.01,0.05,0.0,0.0,0.0,0.65,0.09,0.1
6,6,0.01,0.0,0.01,0.0,0.08,0.05,0.82,0.01,0.0,0.02
8,8,0.02,0.0,0.0,0.01,0.02,0.0,0.02,0.0,0.93,0.0
3,3,0.01,0.01,0.0,0.77,0.03,0.09,0.01,0.0,0.05,0.03
8,8,0.05,0.04,0.12,0.26,0.05,0.05,0.03,0.01,0.36,0.03
2,2,0.01,0.0,0.95,0.01,0.0,0.01,0.0,0.0,0.01,0.01
8,8,0.01,0.0,0.01,0.02,0.03,0.0,0.01,0.01,0.87,0.04
9,9,0.0,0.0,0.0,0.01,0.02,0.0,0.0,0.01,0.01,0.95
8,8,0.03,0.0,0.12,0.15,0.12,0.17,0.05,0.02,0.28,0.06
8,8,0.01,0.0,0.03,0.02,0.01,0.03,0.0,0.03,0.86,0.01
2,2,0.01,0.0,0.84,0.05,0.01,0.0,0.0,0.01,0.08,0.0
2,6,0.12,0.0,0.08,0.06,0.05,0.16,0.35,0.03,0.09,0.06
9,9,0.0,0.01,0.0,0.06,0.17,0.02,0.0,0.07,0.03,0.64
3,3,0.01,0.12,0.14,0.32,0.05,0.07,0.07,0.06,0.07,0.09
1,1,0.01,0.82,0.0,0.04,0.03,0.01,0.03,0.02,0.02,0.02
0,0,1.0,0.0,0.0,0.0,0.0,0.0,0.0,0.0,0.0,0.0
7,7,0.0,0.0,0.0,0.01,0.01,0.0,0.0,0.98,0.0,0.0
1,1,0.0,0.98,0.0,0.0,0.0,0.0,0.02,0.0,0.0,0.0
5,5,0.04,0.01,0.03,0.1,0.04,0.69,0.0,0.01,0.08,0.0
4,4,0.01,0.0,0.0,0.01,0.91,0.0,0.01,0.02,0.0,0.04
1,1,0.0,0.93,0.02,0.01,0.01,0.0,0.01,0.0,0.02,0.0
1,1,0.0,0.98,0.01,0.01,0.0,0.0,0.0,0.0,0.0,0.0
3,3,0.0,0.04,0.1,0.64,0.01,0.06,0.0,0.01,0.12,0.02
3,3,0.01,0.01,0.0,0.67,0.02,0.21,0.0,0.0,0.04,0.04
3,3,0.01,0.0,0.0,0.88,0.0,0.07,0.01,0.0,0.01,0.02
8,8,0.0,0.05,0.07,0.09,0.0,0.02,0.01,0.09,0.66,0.01
0,0,0.88,0.0,0.02,0.04,0.0,0.03,0.01,0.01,0.01,0.0
0,0,0.86,0.0,0.03,0.03,0.0,0.01,0.02,0.0,0.04,0.01
9,9,0.0,0.0,0.01,0.01,0.01,0.02,0.0,0.01,0.0,0.94
7,7,0.0,0.02,0.0,0.0,0.0,0.0,0.0,0.96,0.0,0.02
0,0,0.4,0.0,0.06,0.03,0.09,0.11,0.07,0.11,0.08,0.05
6,6,0.01,0.0,0.03,0.0,0.0,0.0,0.92,0.0,0.03,0.01
0,0,0.99,0.0,0.0,0.0,0.0,0.01,0.0,0.0,0.0,0.0
7,7,0.0,0.01,0.0,0.01,0.0,0.01,0.0,0.9,0.03,0.04
8,8,0.07,0.0,0.13,0.22,0.03,0.16,0.07,0.0,0.27,0.05
9,9,0.01,0.0,0.0,0.0,0.0,0.0,0.0,0.07,0.0,0.92
1,1,0.01,0.88,0.01,0.02,0.0,0.02,0.01,0.0,0.04,0.01
8,8,0.0,0.03,0.0,0.01,0.0,0.0,0.0,0.01,0.95,0.0
1,1,0.0,1.0,0.0,0.0,0.0,0.0,0.0,0.0,0.0,0.0
8,8,0.0,0.01,0.01,0.01,0.03,0.02,0.02,0.02,0.82,0.06
5,5,0.03,0.0,0.02,0.08,0.12,0.6,0.0,0.05,0.03,0.07
9,9,0.21,0.0,0.05,0.0,0.1,0.01,0.09,0.12,0.01,0.41
2,2,0.01,0.0,0.83,0.07,0.01,0.01,0.01,0.0,0.05,0.01
8,8,0.01,0.1,0.0,0.02,0.01,0.06,0.02,0.01,0.76,0.01
3,3,0.0,0.0,0.0,0.99,0.0,0.01,0.0,0.0,0.0,0.0
1,1,0.0,1.0,0.0,0.0,0.0,0.0,0.0,0.0,0.0,0.0
5,5,0.05,0.0,0.01,0.21,0.0,0.65,0.0,0.03,0.02,0.03
8,8,0.0,0.03,0.04,0.05,0.01,0.01,0.0,0.0,0.86,0.0
2,2,0.0,0.01,0.89,0.03,0.0,0.0,0.0,0.04,0.03,0.0
2,2,0.1,0.0,0.44,0.05,0.02,0.08,0.05,0.13,0.06,0.07
9,9,0.0,0.01,0.0,0.02,0.04,0.01,0.0,0.03,0.0,0.89
0,0,0.36,0.01,0.11,0.09,0.06,0.1,0.04,0.1,0.1,0.03
3,3,0.01,0.01,0.02,0.86,0.0,0.04,0.01,0.0,0.03,0.02
4,4,0.0,0.0,0.01,0.0,0.96,0.0,0.0,0.01,0.0,0.02
1,1,0.01,0.24,0.13,0.2,0.02,0.11,0.14,0.02,0.08,0.05
4,4,0.0,0.0,0.09,0.0,0.8,0.02,0.04,0.02,0.0,0.03
4,4,0.02,0.03,0.06,0.0,0.57,0.02,0.07,0.04,0.1,0.09
0,0,0.87,0.0,0.01,0.01,0.02,0.02,0.02,0.02,0.0,0.03
1,1,0.0,1.0,0.0,0.0,0.0,0.0,0.0,0.0,0.0,0.0
9,9,0.02,0.0,0.08,0.0,0.15,0.0,0.01,0.1,0.0,0.64
2,2,0.03,0.02,0.68,0.08,0.05,0.0,0.07,0.0,0.05,0.02
8,9,0.0,0.02,0.0,0.1,0.06,0.04,0.01,0.06,0.26,0.45
6,6,0.0,0.04,0.07,0.01,0.07,0.08,0.64,0.02,0.06,0.01
4,4,0.0,0.0,0.0,0.0,0.95,0.01,0.02,0.0,0.01,0.01
1,1,0.0,0.99,0.0,0.0,0.0,0.0,0.0,0.01,0.0,0.0
1,1,0.0,0.99,0.0,0.0,0.0,0.0,0.0,0.01,0.0,0.0
1,1,0.0,1.0,0.0,0.0,0.0,0.0,0.0,0.0,0.0,0.0
0,0,0.88,0.0,0.03,0.02,0.01,0.03,0.0,0.01,0.0,0.02
1,1,0.0,0.95,0.01,0.01,0.0,0.0,0.01,0.01,0.0,0.01
5,5,0.01,0.04,0.05,0.21,0.02,0.55,0.03,0.0,0.05,0.04
6,6,0.0,0.01,0.0,0.0,0.01,0.02,0.93,0.0,0.01,0.02
2,2,0.04,0.0,0.79,0.01,0.0,0.06,0.03,0.04,0.02,0.01
4,4,0.0,0.01,0.0,0.01,0.91,0.02,0.0,0.0,0.01,0.04
7,7,0.0,0.0,0.0,0.0,0.0,0.0,0.0,1.0,0.0,0.0
2,2,0.0,0.05,0.85,0.03,0.01,0.01,0.0,0.02,0.03,0.0
0,0,0.73,0.0,0.04,0.01,0.03,0.05,0.08,0.0,0.05,0.01
3,3,0.08,0.02,0.06,0.38,0.01,0.34,0.03,0.03,0.02,0.03
5,5,0.06,0.0,0.01,0.0,0.04,0.73,0.12,0.0,0.04,0.0
8,8,0.02,0.0,0.04,0.01,0.03,0.03,0.02,0.02,0.79,0.04
0,0,1.0,0.0,0.0,0.0,0.0,0.0,0.0,0.0,0.0,0.0
9,9,0.0,0.0,0.0,0.0,0.03,0.01,0.0,0.01,0.02,0.93
8,8,0.01,0.0,0.01,0.11,0.0,0.06,0.01,0.0,0.8,0.0
6,6,0.01,0.0,0.01,0.0,0.05,0.04,0.83,0.0,0.06,0.0
3,3,0.0,0.01,0.05,0.84,0.01,0.0,0.0,0.02,0.04,0.03
4,4,0.0,0.0,0.0,0.0,0.97,0.01,0.01,0.0,0.0,0.01
4,4,0.0,0.01,0.09,0.0,0.74,0.03,0.02,0.02,0.02,0.07
2,2,0.0,0.0,0.53,0.03,0.08,0.03,0.05,0.04,0.05,0.19
5,5,0.04,0.03,0.07,0.01,0.05,0.73,0.02,0.02,0.03,0.0
9,9,0.02,0.0,0.0,0.03,0.04,0.02,0.0,0.03,0.03,0.83
2,2,0.03,0.04,0.79,0.03,0.0,0.02,0.07,0.0,0.02,0.0
5,5,0.12,0.0,0.0,0.06,0.01,0.7,0.0,0.01,0.04,0.06
8,8,0.0,0.11,0.03,0.06,0.0,0.03,0.01,0.01,0.75,0.0
6,6,0.0,0.05,0.04,0.05,0.06,0.07,0.62,0.03,0.07,0.01
9,9,0.0,0.0,0.0,0.0,0.06,0.0,0.0,0.02,0.0,0.92
2,4,0.06,0.0,0.09,0.01,0.54,0.09,0.1,0.03,0.03,0.05
1,1,0.0,0.89,0.0,0.01,0.0,0.0,0.0,0.05,0.04,0.01
8,8,0.0,0.05,0.05,0.02,0.01,0.0,0.01,0.0,0.86,0.0
0,0,0.95,0.0,0.03,0.01,0.0,0.01,0.0,0.0,0.0,0.0
0,0,0.87,0.0,0.03,0.02,0.0,0.03,0.04,0.0,0.01,0.0
6,6,0.01,0.01,0.12,0.01,0.05,0.04,0.71,0.0,0.04,0.01
7,7,0.0,0.0,0.0,0.0,0.0,0.0,0.0,1.0,0.0,0.0
9,9,0.01,0.0,0.0,0.03,0.07,0.04,0.0,0.03,0.02,0.8
9,9,0.0,0.0,0.0,0.01,0.15,0.01,0.0,0.02,0.01,0.8
3,3,0.05,0.0,0.03,0.67,0.02,0.02,0.01,0.0,0.19,0.01
6,6,0.0,0.01,0.08,0.02,0.05,0.07,0.63,0.04,0.04,0.06
7,7,0.0,0.0,0.0,0.0,0.02,0.0,0.0,0.93,0.0,0.05
1,1,0.0,0.99,0.0,0.01,0.0,0.0,0.0,0.0,0.0,0.0
0,0,0.9,0.0,0.06,0.01,0.0,0.0,0.02,0.0,0.01,0.0
8,8,0.0,0.02,0.05,0.09,0.0,0.0,0.02,0.03,0.76,0.03
0,0,0.87,0.0,0.0,0.06,0.01,0.04,0.01,0.0,0.01,0.0
4,4,0.0,0.0,0.01,0.0,0.94,0.0,0.0,0.0,0.0,0.05
6,6,0.01,0.01,0.0,0.01,0.0,0.01,0.95,0.0,0.0,0.01
0,0,0.92,0.0,0.01,0.01,0.0,0.03,0.01,0.01,0.01,0.0
8,8,0.02,0.0,0.01,0.04,0.02,0.01,0.01,0.03,0.67,0.19
0,0,0.96,0.0,0.02,0.0,0.0,0.0,0.0,0.0,0.01,0.01
8,8,0.02,0.0,0.05,0.03,0.0,0.02,0.01,0.04,0.81,0.02
5,5,0.02,0.02,0.02,0.17,0.05,0.4,0.04,0.05,0.17,0.06
2,2,0.0,0.0,0.95,0.0,0.01,0.0,0.02,0.0,0.01,0.01
3,3,0.01,0.0,0.19,0.55,0.0,0.03,0.01,0.0,0.21,0.0
7,7,0.0,0.01,0.03,0.04,0.01,0.01,0.0,0.87,0.01,0.02
3,3,0.0,0.02,0.14,0.63,0.0,0.03,0.02,0.01,0.13,0.02
3,3,0.02,0.01,0.05,0.77,0.02,0.02,0.01,0.0,0.1,0.0
2,2,0.0,0.05,0.87,0.03,0.0,0.02,0.02,0.01,0.0,0.0
7,7,0.0,0.0,0.01,0.01,0.0,0.01,0.0,0.94,0.0,0.03
1,1,0.0,0.97,0.0,0.01,0.0,0.02,0.0,0.0,0.0,0.0
0,0,0.98,0.0,0.01,0.0,0.0,0.0,0.0,0.0,0.01,0.0
2,2,0.0,0.12,0.45,0.02,0.01,0.05,0.03,0.05,0.25,0.02
0,0,0.96,0.0,0.01,0.01,0.0,0.01,0.0,0.0,0.0,0.01
9,9,0.03,0.01,0.02,0.01,0.19,0.04,0.06,0.15,0.02,0.47
7,7,0.0,0.0,0.01,0.0,0.02,0.0,0.0,0.92,0.0,0.05
5,5,0.04,0.01,0.02,0.13,0.05,0.55,0.06,0.0,0.13,0.01
6,6,0.02,0.0,0.03,0.01,0.03,0.03,0.83,0.02,0.03,0.0
0,0,0.77,0.0,0.02,0.02,0.02,0.05,0.08,0.02,0.01,0.01
2,2,0.03,0.02,0.81,0.04,0.0,0.01,0.03,0.03,0.03,0.0
8,8,0.01,0.0,0.0,0.13,0.0,0.07,0.02,0.0,0.73,0.04
1,1,0.0,1.0,0.0,0.0,0.0,0.0,0.0,0.0,0.0,0.0
0,0,0.98,0.0,0.0,0.0,0.0,0.0,0.0,0.02,0.0,0.0
6,6,0.01,0.0,0.02,0.0,0.01,0.02,0.92,0.0,0.01,0.01
0,0,0.97,0.0,0.0,0.0,0.0,0.01,0.01,0.01,0.0,0.0
2,2,0.0,0.01,0.85,0.01,0.0,0.01,0.09,0.01,0.02,0.0
4,4,0.0,0.06,0.0,0.02,0.71,0.01,0.01,0.06,0.03,0.1
2,2,0.01,0.0,0.86,0.03,0.0,0.03,0.04,0.0,0.02,0.01
8,8,0.01,0.01,0.02,0.13,0.07,0.05,0.0,0.1,0.4,0.21
1,1,0.0,0.99,0.0,0.01,0.0,0.0,0.0,0.0,0.0,0.0
9,9,0.0,0.02,0.0,0.04,0.06,0.17,0.0,0.02,0.03,0.66
5,0,0.44,0.03,0.15,0.13,0.0,0.2,0.0,0.02,0.01,0.02
6,6,0.15,0.01,0.09,0.06,0.04,0.06,0.45,0.03,0.08,0.03
5,5,0.01,0.11,0.11,0.13,0.0,0.42,0.04,0.02,0.15,0.01
7,7,0.01,0.01,0.08,0.02,0.0,0.02,0.01,0.81,0.02,0.02
5,5,0.03,0.01,0.04,0.07,0.03,0.62,0.04,0.01,0.07,0.08
4,4,0.0,0.0,0.01,0.0,0.95,0.01,0.0,0.03,0.0,0.0
4,4,0.0,0.08,0.03,0.03,0.47,0.03,0.06,0.04,0.13,0.13
6,6,0.02,0.01,0.02,0.0,0.01,0.01,0.88,0.0,0.01,0.04
9,4,0.03,0.04,0.03,0.01,0.32,0.09,0.06,0.1,0.1,0.22
1,1,0.0,0.98,0.0,0.01,0.0,0.0,0.0,0.0,0.01,0.0
8,8,0.0,0.05,0.1,0.1,0.04,0.07,0.0,0.04,0.52,0.08
6,6,0.03,0.0,0.06,0.0,0.1,0.03,0.73,0.0,0.03,0.02
2,2,0.0,0.02,0.78,0.11,0.0,0.02,0.0,0.03,0.03,0.01
2,2,0.01,0.04,0.37,0.14,0.01,0.05,0.06,0.03,0.27,0.02
0,0,0.88,0.0,0.0,0.03,0.01,0.03,0.01,0.0,0.03,0.01
4,4,0.0,0.0,0.01,0.01,0.82,0.01,0.0,0.08,0.01,0.06
7,7,0.0,0.0,0.04,0.04,0.01,0.0,0.0,0.87,0.01,0.03
2,2,0.0,0.01,0.73,0.17,0.0,0.0,0.02,0.01,0.06,0.0
8,8,0.01,0.03,0.05,0.21,0.03,0.27,0.02,0.0,0.36,0.02
5,5,0.14,0.0,0.03,0.15,0.02,0.51,0.04,0.0,0.05,0.06
1,1,0.0,0.95,0.01,0.01,0.0,0.01,0.0,0.0,0.02,0.0
8,8,0.0,0.01,0.02,0.03,0.01,0.05,0.0,0.0,0.87,0.01
7,7,0.01,0.03,0.0,0.0,0.07,0.03,0.0,0.63,0.0,0.23
6,6,0.01,0.0,0.05,0.0,0.06,0.01,0.83,0.0,0.03,0.01
1,1,0.0,1.0,0.0,0.0,0.0,0.0,0.0,0.0,0.0,0.0
4,4,0.0,0.0,0.02,0.01,0.82,0.04,0.01,0.02,0.02,0.06
5,5,0.04,0.01,0.05,0.13,0.01,0.63,0.03,0.01,0.05,0.04
4,4,0.01,0.0,0.03,0.0,0.85,0.03,0.02,0.01,0.01,0.04
3,3,0.3,0.02,0.12,0.38,0.0,0.1,0.0,0.04,0.02,0.02
0,0,0.52,0.01,0.07,0.1,0.05,0.02,0.07,0.01,0.1,0.05
4,4,0.01,0.01,0.01,0.02,0.76,0.07,0.0,0.0,0.01,0.11
4,4,0.01,0.01,0.01,0.03,0.77,0.01,0.0,0.06,0.03,0.07
0,0,0.96,0.0,0.01,0.01,0.0,0.01,0.0,0.0,0.01,0.0
4,4,0.0,0.0,0.0,0.01,0.95,0.01,0.0,0.0,0.0,0.03
1,1,0.0,1.0,0.0,0.0,0.0,0.0,0.0,0.0,0.0,0.0
5,5,0.01,0.03,0.02,0.01,0.05,0.83,0.02,0.01,0.02,0.0
9,9,0.01,0.0,0.04,0.0,0.22,0.0,0.01,0.12,0.01,0.59
0,0,0.63,0.01,0.06,0.0,0.01,0.03,0.02,0.09,0.01,0.14
4,4,0.0,0.0,0.0,0.03,0.65,0.04,0.01,0.08,0.06,0.13
2,2,0.0,0.0,1.0,0.0,0.0,0.0,0.0,0.0,0.0,0.0
8,8,0.0,0.02,0.05,0.13,0.03,0.07,0.01,0.01,0.68,0.0
7,7,0.0,0.0,0.0,0.0,0.0,0.0,0.0,1.0,0.0,0.0
1,1,0.0,0.99,0.0,0.01,0.0,0.0,0.0,0.0,0.0,0.0
3,3,0.0,0.04,0.0,0.85,0.0,0.02,0.0,0.0,0.07,0.02
3,3,0.0,0.0,0.01,0.98,0.0,0.0,0.0,0.0,0.0,0.01
0,0,0.87,0.0,0.0,0.01,0.01,0.05,0.01,0.02,0.01,0.02
8,8,0.0,0.01,0.01,0.04,0.02,0.02,0.01,0.01,0.88,0.0
7,7,0.0,0.01,0.05,0.07,0.01,0.0,0.0,0.8,0.01,0.05
1,1,0.0,1.0,0.0,0.0,0.0,0.0,0.0,0.0,0.0,0.0
6,6,0.06,0.1,0.17,0.05,0.1,0.04,0.35,0.06,0.04,0.03
7,7,0.01,0.0,0.0,0.0,0.0,0.01,0.0,0.96,0.0,0.02
7,7,0.03,0.01,0.27,0.05,0.03,0.01,0.02,0.5,0.02,0.06
0,0,0.65,0.0,0.0,0.03,0.01,0.1,0.11,0.01,0.06,0.03
9,9,0.0,0.0,0.01,0.03,0.12,0.16,0.0,0.02,0.01,0.65
2,2,0.0,0.05,0.81,0.08,0.0,0.01,0.01,0.0,0.04,0.0
8,8,0.0,0.24,0.02,0.04,0.02,0.06,0.03,0.04,0.49,0.06
1,1,0.0,0.97,0.0,0.01,0.0,0.0,0.0,0.01,0.0,0.01
2,2,0.0,0.0,0.66,0.04,0.08,0.0,0.02,0.06,0.02,0.12
7,7,0.0,0.0,0.0,0.0,0.0,0.0,0.0,1.0,0.0,0.0
1,1,0.0,1.0,0.0,0.0,0.0,0.0,0.0,0.0,0.0,0.0
1,1,0.0,1.0,0.0,0.0,0.0,0.0,0.0,0.0,0.0,0.0
8,8,0.01,0.02,0.14,0.04,0.03,0.02,0.02,0.0,0.72,0.0
4,6,0.06,0.0,0.14,0.0,0.1,0.09,0.57,0.02,0.01,0.01
4,4,0.0,0.01,0.01,0.0,0.81,0.02,0.05,0.01,0.02,0.07
2,0,0.4,0.0,0.3,0.08,0.01,0.07,0.05,0.01,0.04,0.04
6,6,0.0,0.0,0.0,0.0,0.0,0.0,1.0,0.0,0.0,0.0
7,7,0.0,0.02,0.08,0.04,0.03,0.0,0.03,0.65,0.06,0.09
5,5,0.0,0.0,0.01,0.0,0.03,0.9,0.01,0.01,0.01,0.03
6,6,0.03,0.01,0.1,0.06,0.04,0.01,0.72,0.0,0.02,0.01
6,6,0.0,0.02,0.0,0.0,0.03,0.03,0.89,0.0,0.03,0.0
9,9,0.0,0.0,0.15,0.03,0.1,0.02,0.05,0.08,0.01,0.56
4,4,0.0,0.0,0.0,0.01,0.95,0.01,0.0,0.01,0.02,0.0
5,5,0.03,0.0,0.01,0.07,0.03,0.82,0.0,0.01,0.02,0.01
9,9,0.01,0.04,0.0,0.02,0.05,0.02,0.0,0.01,0.01,0.84
8,8,0.02,0.0,0.01,0.01,0.01,0.02,0.0,0.0,0.93,0.0
9,9,0.0,0.0,0.0,0.07,0.09,0.03,0.0,0.02,0.01,0.78
1,1,0.0,1.0,0.0,0.0,0.0,0.0,0.0,0.0,0.0,0.0
2,2,0.0,0.03,0.77,0.0,0.0,0.01,0.02,0.14,0.02,0.01
8,8,0.0,0.01,0.03,0.0,0.01,0.01,0.01,0.0,0.93,0.0
4,4,0.01,0.01,0.03,0.03,0.56,0.01,0.02,0.05,0.06,0.22
3,6,0.01,0.07,0.12,0.29,0.01,0.08,0.31,0.0,0.09,0.02
5,5,0.1,0.0,0.0,0.11,0.08,0.4,0.01,0.05,0.16,0.09
9,9,0.0,0.0,0.01,0.0,0.04,0.01,0.0,0.05,0.02,0.87
3,3,0.0,0.0,0.08,0.76,0.0,0.06,0.01,0.0,0.08,0.01
3,3,0.04,0.01,0.15,0.57,0.01,0.11,0.0,0.02,0.05,0.04
1,1,0.0,1.0,0.0,0.0,0.0,0.0,0.0,0.0,0.0,0.0
5,3,0.03,0.0,0.01,0.27,0.04,0.24,0.0,0.04,0.16,0.21
2,2,0.0,0.1,0.66,0.05,0.01,0.03,0.06,0.0,0.09,0.0
4,4,0.01,0.0,0.01,0.0,0.82,0.02,0.01,0.02,0.01,0.1
6,6,0.0,0.0,0.04,0.02,0.1,0.01,0.83,0.0,0.0,0.0
5,5,0.11,0.02,0.04,0.12,0.02,0.6,0.03,0.0,0.05,0.01
2,2,0.0,0.0,0.93,0.01,0.0,0.0,0.0,0.02,0.04,0.0
6,6,0.0,0.0,0.07,0.0,0.08,0.01,0.82,0.01,0.01,0.0
9,9,0.0,0.03,0.01,0.03,0.12,0.03,0.0,0.03,0.04,0.71
7,7,0.0,0.0,0.01,0.01,0.0,0.01,0.0,0.96,0.0,0.01
4,4,0.0,0.04,0.05,0.04,0.56,0.07,0.01,0.08,0.04,0.11
1,1,0.0,1.0,0.0,0.0,0.0,0.0,0.0,0.0,0.0,0.0
0,0,0.97,0.0,0.0,0.0,0.01,0.0,0.01,0.0,0.0,0.01
7,7,0.0,0.0,0.01,0.0,0.01,0.0,0.0,0.97,0.01,0.0
0,0,0.96,0.0,0.01,0.0,0.0,0.0,0.03,0.0,0.0,0.0
6,6,0.02,0.0,0.04,0.0,0.01,0.03,0.85,0.0,0.03,0.02
5,5,0.04,0.0,0.01,0.18,0.0,0.69,0.0,0.01,0.02,0.05
1,1,0.0,0.97,0.01,0.02,0.0,0.0,0.0,0.0,0.0,0.0
3,3,0.0,0.07,0.05,0.34,0.01,0.11,0.03,0.08,0.21,0.1
4,4,0.03,0.0,0.02,0.01,0.49,0.05,0.22,0.03,0.07,0.08
7,7,0.02,0.0,0.0,0.01,0.06,0.01,0.0,0.74,0.01,0.15
5,5,0.04,0.0,0.01,0.01,0.0,0.89,0.03,0.0,0.02,0.0
6,6,0.0,0.0,0.0,0.0,0.0,0.0,1.0,0.0,0.0,0.0
2,2,0.0,0.01,0.81,0.08,0.0,0.01,0.0,0.01,0.08,0.0
2,4,0.05,0.01,0.24,0.03,0.29,0.08,0.12,0.01,0.12,0.05
2,2,0.05,0.0,0.84,0.01,0.0,0.01,0.05,0.0,0.02,0.02
7,7,0.01,0.04,0.02,0.04,0.02,0.02,0.0,0.78,0.03,0.04
1,1,0.0,1.0,0.0,0.0,0.0,0.0,0.0,0.0,0.0,0.0
6,6,0.04,0.02,0.01,0.01,0.04,0.03,0.79,0.01,0.03,0.02
9,9,0.01,0.0,0.01,0.02,0.05,0.0,0.0,0.07,0.02,0.82
5,5,0.04,0.01,0.02,0.07,0.02,0.61,0.05,0.03,0.05,0.1
1,1,0.0,1.0,0.0,0.0,0.0,0.0,0.0,0.0,0.0,0.0
7,7,0.0,0.02,0.03,0.02,0.02,0.0,0.0,0.83,0.03,0.05
5,5,0.01,0.02,0.03,0.11,0.02,0.74,0.02,0.02,0.03,0.0
1,1,0.0,0.97,0.01,0.01,0.0,0.0,0.0,0.0,0.01,0.0
0,0,0.74,0.0,0.05,0.05,0.0,0.04,0.0,0.06,0.02,0.04
1,1,0.0,1.0,0.0,0.0,0.0,0.0,0.0,0.0,0.0,0.0
3,3,0.0,0.05,0.18,0.39,0.03,0.03,0.06,0.01,0.2,0.05
2,2,0.05,0.0,0.39,0.3,0.06,0.07,0.04,0.01,0.08,0.0
5,5,0.0,0.05,0.02,0.09,0.01,0.64,0.04,0.02,0.11,0.02
3,3,0.0,0.07,0.34,0.37,0.0,0.15,0.03,0.01,0.02,0.01
6,6,0.02,0.0,0.02,0.0,0.01,0.01,0.89,0.01,0.01,0.03
7,7,0.0,0.0,0.0,0.0,0.02,0.0,0.0,0.93,0.0,0.05
5,5,0.02,0.01,0.01,0.1,0.02,0.74,0.03,0.02,0.02,0.03
5,5,0.01,0.02,0.01,0.25,0.1,0.31,0.0,0.12,0.03,0.15
9,9,0.0,0.03,0.01,0.0,0.05,0.01,0.04,0.04,0.04,0.78
9,9,0.0,0.01,0.0,0.0,0.0,0.0,0.0,0.02,0.0,0.97
1,1,0.0,1.0,0.0,0.0,0.0,0.0,0.0,0.0,0.0,0.0
1,1,0.0,1.0,0.0,0.0,0.0,0.0,0.0,0.0,0.0,0.0
5,5,0.01,0.0,0.0,0.08,0.01,0.81,0.03,0.01,0.03,0.02
1,1,0.0,1.0,0.0,0.0,0.0,0.0,0.0,0.0,0.0,0.0
2,2,0.0,0.0,0.99,0.0,0.0,0.0,0.0,0.01,0.0,0.0
9,9,0.0,0.0,0.0,0.0,0.0,0.01,0.0,0.02,0.01,0.96
0,0,0.99,0.0,0.0,0.0,0.0,0.0,0.0,0.01,0.0,0.0
6,6,0.0,0.0,0.05,0.0,0.05,0.01,0.82,0.0,0.04,0.03
0,0,1.0,0.0,0.0,0.0,0.0,0.0,0.0,0.0,0.0,0.0
7,7,0.0,0.0,0.0,0.0,0.0,0.0,0.0,1.0,0.0,0.0
5,5,0.0,0.01,0.0,0.11,0.02,0.82,0.01,0.0,0.02,0.01
3,3,0.02,0.05,0.06,0.29,0.05,0.27,0.08,0.01,0.14,0.03
2,2,0.03,0.01,0.9,0.01,0.01,0.0,0.02,0.01,0.0,0.01
5,5,0.03,0.07,0.05,0.26,0.01,0.4,0.03,0.07,0.04,0.04
3,3,0.0,0.04,0.02,0.49,0.02,0.3,0.0,0.02,0.07,0.04
0,0,0.96,0.0,0.01,0.01,0.0,0.01,0.0,0.0,0.01,0.0
3,3,0.01,0.01,0.02,0.85,0.01,0.04,0.0,0.01,0.05,0.0
1,1,0.0,1.0,0.0,0.0,0.0,0.0,0.0,0.0,0.0,0.0
0,0,0.72,0.01,0.05,0.05,0.01,0.04,0.02,0.0,0.06,0.04
9,9,0.0,0.0,0.01,0.02,0.07,0.04,0.0,0.03,0.04,0.79
8,8,0.0,0.0,0.04,0.0,0.0,0.04,0.0,0.01,0.89,0.02
9,9,0.0,0.23,0.02,0.01,0.03,0.09,0.03,0.13,0.15,0.31
7,7,0.0,0.0,0.0,0.02,0.0,0.0,0.0,0.98,0.0,0.0
1,1,0.0,1.0,0.0,0.0,0.0,0.0,0.0,0.0,0.0,0.0
4,4,0.02,0.0,0.04,0.01,0.65,0.01,0.09,0.03,0.06,0.09
4,4,0.0,0.0,0.0,0.0,0.96,0.0,0.0,0.0,0.01,0.03
9,9,0.0,0.0,0.0,0.02,0.07,0.0,0.01,0.02,0.02,0.86
1,1,0.0,1.0,0.0,0.0,0.0,0.0,0.0,0.0,0.0,0.0
7,7,0.0,0.02,0.0,0.05,0.08,0.08,0.0,0.57,0.01,0.19
9,9,0.04,0.01,0.08,0.06,0.11,0.01,0.0,0.14,0.01,0.54
7,7,0.05,0.01,0.29,0.03,0.03,0.04,0.03,0.42,0.03,0.07
0,0,0.54,0.01,0.19,0.09,0.01,0.07,0.03,0.02,0.04,0.0
7,7,0.0,0.0,0.01,0.0,0.01,0.0,0.0,0.98,0.0,0.0
9,9,0.0,0.0,0.0,0.01,0.02,0.0,0.0,0.01,0.04,0.92
9,8,0.0,0.1,0.08,0.03,0.0,0.02,0.01,0.03,0.51,0.22
4,4,0.0,0.02,0.02,0.01,0.9,0.02,0.0,0.02,0.0,0.01
3,3,0.07,0.0,0.19,0.24,0.01,0.17,0.02,0.01,0.23,0.06
2,2,0.01,0.03,0.56,0.03,0.01,0.01,0.15,0.09,0.08,0.03
6,6,0.03,0.0,0.0,0.01,0.04,0.0,0.89,0.01,0.01,0.01
8,8,0.0,0.01,0.06,0.03,0.02,0.11,0.04,0.0,0.72,0.01
8,8,0.01,0.01,0.07,0.12,0.01,0.01,0.0,0.0,0.77,0.0
6,6,0.01,0.0,0.01,0.0,0.01,0.03,0.91,0.0,0.01,0.02
4,4,0.0,0.06,0.04,0.03,0.46,0.03,0.03,0.04,0.07,0.24
1,1,0.0,1.0,0.0,0.0,0.0,0.0,0.0,0.0,0.0,0.0
4,4,0.0,0.0,0.04,0.0,0.94,0.0,0.0,0.01,0.0,0.01
3,5,0.1,0.02,0.17,0.19,0.06,0.2,0.13,0.05,0.07,0.01
2,2,0.02,0.01,0.65,0.07,0.04,0.1,0.06,0.01,0.04,0.0
1,1,0.0,0.99,0.0,0.0,0.0,0.0,0.0,0.0,0.01,0.0
7,7,0.01,0.01,0.02,0.03,0.0,0.05,0.02,0.84,0.0,0.02
8,8,0.0,0.08,0.0,0.03,0.01,0.0,0.01,0.03,0.81,0.03
1,1,0.0,0.99,0.0,0.0,0.0,0.0,0.0,0.01,0.0,0.0
3,3,0.0,0.0,0.01,0.88,0.02,0.07,0.0,0.0,0.01,0.01
8,8,0.03,0.0,0.03,0.01,0.01,0.07,0.0,0.0,0.84,0.01
8,8,0.0,0.0,0.01,0.06,0.05,0.08,0.01,0.02,0.66,0.11
6,6,0.0,0.0,0.0,0.0,0.03,0.0,0.95,0.0,0.01,0.01
7,7,0.0,0.03,0.02,0.04,0.01,0.0,0.0,0.82,0.02,0.06
5,5,0.06,0.0,0.01,0.0,0.05,0.77,0.04,0.0,0.05,0.02
6,6,0.0,0.0,0.01,0.0,0.09,0.01,0.87,0.0,0.01,0.01
8,8,0.0,0.09,0.12,0.11,0.04,0.07,0.16,0.01,0.34,0.06
4,4,0.01,0.0,0.0,0.03,0.87,0.02,0.0,0.02,0.03,0.02
3,3,0.0,0.0,0.01,0.87,0.0,0.06,0.0,0.0,0.03,0.03
8,8,0.03,0.01,0.0,0.03,0.01,0.01,0.01,0.0,0.9,0.0
8,8,0.02,0.0,0.01,0.02,0.01,0.03,0.03,0.01,0.85,0.02
5,5,0.14,0.0,0.01,0.03,0.05,0.55,0.04,0.01,0.1,0.07
5,5,0.01,0.02,0.02,0.15,0.03,0.51,0.03,0.05,0.09,0.09
1,1,0.0,1.0,0.0,0.0,0.0,0.0,0.0,0.0,0.0,0.0
6,6,0.02,0.0,0.01,0.0,0.01,0.03,0.9,0.0,0.03,0.0
6,6,0.0,0.0,0.04,0.01,0.04,0.02,0.87,0.01,0.0,0.01
8,8,0.05,0.0,0.03,0.12,0.08,0.07,0.05,0.01,0.52,0.07
7,7,0.0,0.03,0.0,0.0,0.0,0.0,0.0,0.94,0.0,0.03
0,0,0.97,0.0,0.0,0.02,0.01,0.0,0.0,0.0,0.0,0.0
9,9,0.01,0.01,0.0,0.03,0.07,0.05,0.01,0.06,0.02,0.74
0,0,1.0,0.0,0.0,0.0,0.0,0.0,0.0,0.0,0.0,0.0
2,2,0.0,0.01,0.72,0.11,0.03,0.06,0.02,0.0,0.05,0.0
1,1,0.0,0.96,0.0,0.0,0.01,0.0,0.0,0.01,0.0,0.02
3,3,0.0,0.01,0.01,0.65,0.07,0.1,0.01,0.02,0.06,0.07
5,5,0.04,0.01,0.02,0.1,0.06,0.48,0.17,0.02,0.09,0.01
0,0,0.7,0.0,0.04,0.03,0.0,0.09,0.04,0.05,0.01,0.04
9,9,0.0,0.0,0.0,0.02,0.06,0.03,0.0,0.02,0.03,0.84
5,5,0.01,0.05,0.02,0.07,0.03,0.6,0.02,0.04,0.11,0.05
6,6,0.05,0.0,0.02,0.08,0.03,0.17,0.43,0.0,0.2,0.02
9,1,0.0,0.25,0.01,0.06,0.12,0.08,0.04,0.02,0.17,0.25
1,1,0.0,0.97,0.0,0.01,0.01,0.0,0.01,0.0,0.0,0.0
4,4,0.0,0.0,0.0,0.0,0.98,0.0,0.0,0.01,0.0,0.01
4,4,0.0,0.0,0.0,0.0,0.99,0.0,0.01,0.0,0.0,0.0
0,0,0.83,0.01,0.01,0.07,0.01,0.06,0.0,0.01,0.0,0.0
3,3,0.01,0.04,0.0,0.72,0.0,0.18,0.03,0.0,0.02,0.0
4,4,0.01,0.05,0.01,0.07,0.61,0.04,0.05,0.08,0.02,0.06
8,8,0.0,0.0,0.01,0.0,0.01,0.03,0.0,0.01,0.91,0.03
0,0,0.57,0.0,0.09,0.05,0.05,0.07,0.03,0.03,0.06,0.05
4,4,0.0,0.0,0.0,0.03,0.89,0.03,0.01,0.03,0.01,0.0
7,7,0.01,0.03,0.01,0.04,0.03,0.02,0.0,0.76,0.0,0.1
5,5,0.03,0.0,0.06,0.05,0.01,0.69,0.02,0.01,0.13,0.0
8,8,0.01,0.01,0.02,0.12,0.01,0.08,0.0,0.02,0.68,0.05
0,0,0.66,0.01,0.0,0.07,0.03,0.16,0.01,0.02,0.03,0.01
5,5,0.0,0.01,0.01,0.11,0.01,0.79,0.0,0.0,0.03,0.04
7,7,0.0,0.01,0.01,0.0,0.04,0.02,0.0,0.8,0.02,0.1
3,3,0.06,0.01,0.07,0.53,0.04,0.15,0.11,0.01,0.01,0.01
9,9,0.0,0.01,0.01,0.02,0.11,0.02,0.01,0.03,0.0,0.79
0,0,0.42,0.0,0.08,0.1,0.04,0.1,0.02,0.01,0.14,0.09
8,8,0.02,0.03,0.05,0.02,0.0,0.0,0.0,0.01,0.84,0.03
7,7,0.0,0.01,0.05,0.02,0.0,0.01,0.0,0.89,0.0,0.02
0,0,0.99,0.0,0.0,0.0,0.0,0.0,0.01,0.0,0.0,0.0
7,7,0.0,0.0,0.0,0.0,0.0,0.0,0.0,1.0,0.0,0.0
2,2,0.0,0.0,0.99,0.0,0.0,0.0,0.0,0.01,0.0,0.0
1,1,0.0,0.96,0.01,0.02,0.0,0.0,0.0,0.01,0.0,0.0
1,1,0.0,0.98,0.02,0.0,0.0,0.0,0.0,0.0,0.0,0.0
7,7,0.0,0.0,0.0,0.0,0.01,0.0,0.0,0.97,0.01,0.01
7,7,0.0,0.0,0.03,0.02,0.02,0.0,0.0,0.87,0.04,0.02
3,3,0.09,0.02,0.09,0.48,0.03,0.09,0.03,0.03,0.13,0.01
9,9,0.0,0.0,0.0,0.01,0.03,0.0,0.0,0.01,0.0,0.95
4,4,0.0,0.0,0.0,0.0,0.93,0.03,0.0,0.0,0.02,0.02
5,5,0.02,0.0,0.02,0.04,0.07,0.73,0.01,0.03,0.06,0.02
2,2,0.0,0.0,1.0,0.0,0.0,0.0,0.0,0.0,0.0,0.0
1,1,0.0,1.0,0.0,0.0,0.0,0.0,0.0,0.0,0.0,0.0
0,0,0.73,0.0,0.03,0.07,0.01,0.05,0.04,0.0,0.05,0.02
9,9,0.0,0.0,0.01,0.0,0.02,0.0,0.0,0.06,0.0,0.91
2,2,0.0,0.0,0.97,0.0,0.01,0.0,0.0,0.02,0.0,0.0
4,4,0.01,0.07,0.03,0.04,0.35,0.13,0.09,0.08,0.14,0.06
8,8,0.01,0.0,0.08,0.08,0.0,0.03,0.01,0.0,0.79,0.0
8,8,0.01,0.0,0.01,0.01,0.01,0.03,0.0,0.04,0.66,0.23
0,0,0.99,0.0,0.0,0.0,0.0,0.01,0.0,0.0,0.0,0.0
7,7,0.03,0.03,0.0,0.08,0.01,0.04,0.02,0.78,0.0,0.01
9,9,0.0,0.0,0.02,0.02,0.04,0.0,0.0,0.04,0.0,0.88
2,2,0.01,0.06,0.6,0.08,0.08,0.03,0.07,0.01,0.06,0.0
2,2,0.05,0.0,0.22,0.15,0.11,0.12,0.08,0.07,0.06,0.14
0,0,0.97,0.0,0.01,0.0,0.0,0.0,0.02,0.0,0.0,0.0
4,4,0.01,0.04,0.05,0.0,0.66,0.03,0.04,0.05,0.01,0.11
4,0,0.26,0.01,0.1,0.06,0.11,0.1,0.18,0.03,0.11,0.04
7,7,0.0,0.0,0.01,0.03,0.03,0.02,0.0,0.86,0.0,0.05
2,2,0.02,0.01,0.78,0.02,0.01,0.01,0.04,0.0,0.09,0.02
5,5,0.09,0.01,0.06,0.04,0.0,0.58,0.04,0.0,0.18,0.0
8,9,0.0,0.0,0.0,0.03,0.07,0.07,0.01,0.15,0.27,0.4
7,7,0.0,0.0,0.0,0.0,0.01,0.0,0.0,0.99,0.0,0.0
8,8,0.04,0.03,0.05,0.01,0.02,0.05,0.08,0.02,0.65,0.05
3,3,0.0,0.0,0.0,0.99,0.0,0.01,0.0,0.0,0.0,0.0
8,8,0.01,0.0,0.04,0.0,0.0,0.02,0.04,0.02,0.86,0.01
3,3,0.0,0.04,0.17,0.48,0.04,0.14,0.02,0.0,0.06,0.05
3,3,0.05,0.0,0.04,0.56,0.02,0.08,0.05,0.01,0.18,0.01
8,8,0.0,0.01,0.09,0.03,0.02,0.03,0.0,0.01,0.81,0.0
7,7,0.0,0.0,0.0,0.03,0.0,0.0,0.0,0.96,0.0,0.01
6,6,0.01,0.02,0.2,0.04,0.03,0.01,0.57,0.03,0.06,0.03
9,9,0.0,0.01,0.0,0.04,0.09,0.03,0.02,0.03,0.02,0.76
5,5,0.02,0.01,0.0,0.07,0.09,0.61,0.0,0.05,0.08,0.07
7,7,0.0,0.0,0.0,0.0,0.0,0.0,0.0,1.0,0.0,0.0
1,1,0.0,0.97,0.01,0.0,0.0,0.0,0.0,0.01,0.01,0.0
2,2,0.01,0.0,0.95,0.0,0.0,0.0,0.0,0.02,0.02,0.0
4,4,0.0,0.0,0.01,0.0,0.98,0.01,0.0,0.0,0.0,0.0
0,0,0.8,0.0,0.03,0.01,0.0,0.11,0.01,0.0,0.02,0.02
8,1,0.0,0.45,0.04,0.05,0.0,0.01,0.0,0.0,0.43,0.02
1,1,0.0,1.0,0.0,0.0,0.0,0.0,0.0,0.0,0.0,0.0
7,7,0.0,0.0,0.0,0.0,0.0,0.0,0.0,0.91,0.0,0.09
7,7,0.0,0.01,0.0,0.0,0.05,0.01,0.01,0.51,0.01,0.4
6,6,0.03,0.0,0.09,0.03,0.02,0.08,0.74,0.0,0.0,0.01
9,9,0.0,0.0,0.02,0.0,0.05,0.02,0.01,0.11,0.0,0.79
1,1,0.0,0.99,0.0,0.0,0.0,0.0,0.0,0.01,0.0,0.0
5,5,0.05,0.0,0.12,0.03,0.01,0.49,0.12,0.0,0.18,0.0
6,6,0.01,0.0,0.01,0.01,0.0,0.01,0.95,0.0,0.01,0.0
5,5,0.01,0.0,0.01,0.08,0.01,0.72,0.02,0.0,0.14,0.01
3,3,0.0,0.02,0.02,0.81,0.01,0.06,0.0,0.0,0.03,0.05
3,3,0.02,0.0,0.0,0.75,0.01,0.15,0.0,0.0,0.06,0.01
9,9,0.02,0.0,0.03,0.02,0.22,0.07,0.02,0.01,0.09,0.52
2,6,0.03,0.04,0.26,0.07,0.03,0.09,0.37,0.01,0.08,0.02
8,8,0.0,0.02,0.0,0.0,0.01,0.05,0.0,0.03,0.88,0.01
8,8,0.0,0.13,0.05,0.1,0.04,0.06,0.0,0.11,0.47,0.04
6,6,0.0,0.0,0.0,0.0,0.0,0.0,0.99,0.0,0.01,0.0
2,2,0.0,0.02,0.62,0.01,0.11,0.02,0.02,0.12,0.04,0.04
8,8,0.01,0.02,0.01,0.04,0.0,0.03,0.01,0.02,0.85,0.01
4,4,0.0,0.02,0.0,0.07,0.62,0.09,0.01,0.05,0.04,0.1
3,3,0.0,0.0,0.01,0.82,0.0,0.04,0.0,0.0,0.13,0.0
1,1,0.0,0.96,0.02,0.01,0.0,0.0,0.0,0.0,0.0,0.01
1,1,0.0,0.97,0.0,0.01,0.0,0.01,0.01,0.0,0.0,0.0
2,2,0.0,0.15,0.67,0.01,0.02,0.01,0.04,0.02,0.07,0.01
3,3,0.02,0.0,0.0,0.87,0.0,0.09,0.0,0.0,0.01,0.01
0,0,0.95,0.0,0.01,0.0,0.01,0.0,0.02,0.01,0.0,0.0
7,7,0.0,0.0,0.01,0.0,0.0,0.0,0.0,0.96,0.0,0.03
1,1,0.0,0.98,0.0,0.02,0.0,0.0,0.0,0.0,0.0,0.0
5,5,0.03,0.03,0.08,0.09,0.17,0.28,0.03,0.02,0.16,0.11
9,9,0.02,0.0,0.04,0.0,0.14,0.06,0.03,0.18,0.04,0.49
4,4,0.0,0.0,0.0,0.0,1.0,0.0,0.0,0.0,0.0,0.0
8,8,0.0,0.02,0.01,0.01,0.01,0.0,0.0,0.0,0.95,0.0
1,1,0.0,1.0,0.0,0.0,0.0,0.0,0.0,0.0,0.0,0.0
2,2,0.0,0.0,0.9,0.05,0.02,0.01,0.0,0.01,0.0,0.01
1,1,0.0,0.85,0.01,0.05,0.0,0.03,0.03,0.0,0.03,0.0
1,1,0.0,0.97,0.0,0.01,0.0,0.01,0.0,0.0,0.0,0.01
0,0,1.0,0.0,0.0,0.0,0.0,0.0,0.0,0.0,0.0,0.0
0,0,0.71,0.02,0.09,0.06,0.01,0.02,0.0,0.01,0.08,0.0
3,3,0.01,0.02,0.02,0.42,0.01,0.11,0.0,0.05,0.3,0.06
2,2,0.01,0.0,0.71,0.02,0.05,0.01,0.02,0.05,0.0,0.13
1,1,0.0,0.86,0.0,0.01,0.0,0.01,0.0,0.01,0.07,0.04
4,4,0.02,0.03,0.1,0.04,0.36,0.05,0.04,0.05,0.13,0.18
8,8,0.0,0.0,0.01,0.0,0.0,0.02,0.0,0.01,0.95,0.01
6,0,0.37,0.0,0.13,0.02,0.01,0.11,0.32,0.01,0.02,0.01
2,2,0.0,0.01,0.85,0.02,0.04,0.01,0.05,0.0,0.01,0.01
7,7,0.01,0.0,0.03,0.02,0.01,0.0,0.0,0.93,0.0,0.0
3,3,0.0,0.0,0.0,0.99,0.0,0.0,0.0,0.0,0.0,0.01
9,9,0.0,0.0,0.0,0.0,0.06,0.02,0.0,0.03,0.01,0.88
7,7,0.0,0.0,0.0,0.0,0.01,0.02,0.0,0.92,0.0,0.05
1,1,0.0,0.94,0.0,0.02,0.01,0.01,0.0,0.01,0.0,0.01
0,0,0.88,0.01,0.0,0.02,0.03,0.02,0.01,0.02,0.01,0.0
5,5,0.04,0.01,0.07,0.09,0.0,0.66,0.04,0.0,0.06,0.03
3,3,0.0,0.01,0.03,0.86,0.0,0.07,0.0,0.0,0.02,0.01
8,8,0.01,0.0,0.07,0.04,0.07,0.06,0.03,0.01,0.61,0.1
3,7,0.03,0.01,0.06,0.12,0.04,0.02,0.0,0.39,0.06,0.27
8,8,0.01,0.0,0.05,0.15,0.03,0.05,0.01,0.01,0.69,0.0
3,3,0.02,0.0,0.0,0.86,0.0,0.01,0.0,0.01,0.07,0.03
1,1,0.0,0.99,0.01,0.0,0.0,0.0,0.0,0.0,0.0,0.0
6,6,0.0,0.0,0.01,0.02,0.01,0.04,0.87,0.0,0.04,0.01
3,3,0.01,0.02,0.03,0.63,0.04,0.1,0.02,0.03,0.06,0.06
3,3,0.0,0.0,0.0,1.0,0.0,0.0,0.0,0.0,0.0,0.0
6,6,0.0,0.0,0.01,0.0,0.0,0.01,0.98,0.0,0.0,0.0
8,8,0.0,0.0,0.02,0.05,0.0,0.01,0.04,0.01,0.85,0.02
6,6,0.08,0.0,0.04,0.02,0.04,0.11,0.66,0.0,0.03,0.02
4,4,0.01,0.0,0.0,0.0,0.9,0.02,0.0,0.02,0.0,0.05
1,1,0.0,0.97,0.0,0.0,0.0,0.0,0.0,0.0,0.03,0.0
3,3,0.0,0.09,0.05,0.73,0.05,0.01,0.01,0.03,0.01,0.02
3,3,0.01,0.0,0.0,0.92,0.0,0.06,0.0,0.0,0.01,0.0
4,4,0.01,0.0,0.0,0.0,0.66,0.03,0.04,0.06,0.05,0.15
4,4,0.05,0.03,0.05,0.07,0.24,0.01,0.13,0.05,0.15,0.22
4,4,0.0,0.01,0.02,0.02,0.61,0.07,0.11,0.02,0.03,0.11
7,7,0.0,0.0,0.0,0.0,0.01,0.0,0.0,0.98,0.0,0.01
6,6,0.02,0.0,0.03,0.02,0.02,0.02,0.88,0.0,0.01,0.0
3,3,0.01,0.03,0.0,0.86,0.03,0.01,0.0,0.02,0.03,0.01
2,2,0.04,0.01,0.77,0.04,0.02,0.06,0.02,0.02,0.0,0.02
4,4,0.0,0.0,0.0,0.0,0.98,0.0,0.0,0.01,0.0,0.01
1,1,0.02,0.62,0.03,0.01,0.04,0.09,0.07,0.0,0.12,0.0
3,3,0.01,0.01,0.03,0.64,0.01,0.28,0.0,0.0,0.01,0.01
6,6,0.02,0.0,0.01,0.0,0.01,0.0,0.95,0.0,0.0,0.01
5,5,0.02,0.0,0.01,0.07,0.01,0.77,0.0,0.06,0.01,0.05
4,4,0.0,0.0,0.0,0.0,0.91,0.01,0.0,0.02,0.02,0.04
6,6,0.0,0.0,0.01,0.0,0.02,0.02,0.93,0.0,0.01,0.01
6,6,0.0,0.0,0.08,0.06,0.06,0.04,0.58,0.03,0.13,0.02
0,0,0.33,0.0,0.19,0.02,0.05,0.07,0.19,0.07,0.01,0.07
7,2,0.03,0.01,0.35,0.06,0.08,0.02,0.03,0.26,0.08,0.08
0,0,0.83,0.0,0.01,0.04,0.0,0.03,0.08,0.01,0.0,0.0
1,1,0.0,1.0,0.0,0.0,0.0,0.0,0.0,0.0,0.0,0.0
2,2,0.0,0.21,0.48,0.06,0.0,0.0,0.08,0.0,0.16,0.01
7,7,0.03,0.0,0.01,0.01,0.0,0.01,0.0,0.94,0.0,0.0
1,1,0.0,1.0,0.0,0.0,0.0,0.0,0.0,0.0,0.0,0.0
0,0,0.98,0.0,0.0,0.01,0.0,0.01,0.0,0.0,0.0,0.0
1,1,0.01,0.95,0.0,0.02,0.0,0.0,0.0,0.01,0.01,0.0
7,7,0.0,0.0,0.0,0.01,0.0,0.0,0.0,0.99,0.0,0.0
7,7,0.0,0.0,0.0,0.0,0.0,0.0,0.0,1.0,0.0,0.0
1,1,0.0,0.98,0.01,0.0,0.01,0.0,0.0,0.0,0.0,0.0
5,5,0.07,0.0,0.0,0.19,0.0,0.7,0.01,0.0,0.02,0.01
6,6,0.02,0.02,0.05,0.01,0.05,0.05,0.75,0.02,0.02,0.01
7,7,0.02,0.01,0.0,0.0,0.04,0.0,0.0,0.91,0.0,0.02
6,6,0.0,0.0,0.0,0.0,0.0,0.0,1.0,0.0,0.0,0.0
4,4,0.0,0.0,0.0,0.0,0.98,0.0,0.0,0.0,0.0,0.02
2,2,0.0,0.02,0.73,0.0,0.13,0.0,0.05,0.04,0.02,0.01
3,3,0.0,0.0,0.03,0.96,0.0,0.0,0.0,0.0,0.0,0.01
1,1,0.0,0.98,0.01,0.0,0.0,0.01,0.0,0.0,0.0,0.0
6,6,0.01,0.0,0.0,0.0,0.01,0.01,0.97,0.0,0.0,0.0
5,5,0.03,0.0,0.0,0.03,0.04,0.79,0.03,0.02,0.01,0.05
0,0,0.87,0.01,0.0,0.02,0.0,0.03,0.01,0.0,0.06,0.0
1,1,0.0,0.91,0.04,0.0,0.01,0.0,0.04,0.0,0.0,0.0
9,8,0.01,0.01,0.1,0.06,0.18,0.07,0.08,0.04,0.29,0.16
8,8,0.0,0.16,0.09,0.12,0.0,0.02,0.02,0.1,0.47,0.02
9,9,0.0,0.0,0.01,0.03,0.09,0.0,0.0,0.02,0.0,0.85
0,0,0.97,0.0,0.03,0.0,0.0,0.0,0.0,0.0,0.0,0.0
7,7,0.11,0.0,0.01,0.0,0.0,0.04,0.02,0.68,0.0,0.14
8,8,0.07,0.0,0.04,0.02,0.02,0.08,0.05,0.0,0.69,0.03
2,2,0.0,0.0,1.0,0.0,0.0,0.0,0.0,0.0,0.0,0.0
8,8,0.05,0.02,0.08,0.19,0.02,0.1,0.06,0.01,0.44,0.03
3,9,0.09,0.03,0.15,0.09,0.08,0.11,0.11,0.06,0.05,0.23
4,4,0.01,0.0,0.01,0.04,0.69,0.02,0.05,0.03,0.07,0.08
1,1,0.0,0.98,0.0,0.01,0.0,0.0,0.0,0.01,0.0,0.0
7,7,0.0,0.0,0.0,0.01,0.02,0.03,0.01,0.63,0.02,0.28
1,1,0.0,0.97,0.0,0.0,0.01,0.0,0.0,0.0,0.0,0.02
4,4,0.01,0.0,0.0,0.0,0.93,0.02,0.02,0.02,0.0,0.0
5,5,0.01,0.1,0.11,0.25,0.02,0.32,0.04,0.06,0.04,0.05
3,3,0.11,0.04,0.2,0.41,0.02,0.06,0.07,0.0,0.06,0.03
5,5,0.07,0.01,0.01,0.07,0.0,0.82,0.01,0.01,0.0,0.0
7,7,0.0,0.0,0.02,0.02,0.02,0.0,0.0,0.92,0.0,0.02
4,4,0.02,0.0,0.03,0.0,0.75,0.02,0.03,0.05,0.01,0.09
0,0,0.97,0.0,0.0,0.01,0.0,0.02,0.0,0.0,0.0,0.0
4,4,0.02,0.0,0.04,0.0,0.75,0.04,0.07,0.02,0.02,0.04
5,5,0.13,0.0,0.05,0.19,0.01,0.49,0.04,0.03,0.02,0.04
6,6,0.0,0.0,0.0,0.01,0.02,0.0,0.97,0.0,0.0,0.0
7,7,0.01,0.0,0.03,0.0,0.0,0.02,0.0,0.93,0.0,0.01
7,7,0.0,0.02,0.0,0.04,0.0,0.0,0.0,0.87,0.01,0.06
6,6,0.02,0.01,0.02,0.0,0.0,0.02,0.91,0.0,0.02,0.0
4,4,0.02,0.04,0.02,0.0,0.58,0.08,0.05,0.14,0.04,0.03
8,8,0.01,0.02,0.13,0.06,0.0,0.11,0.3,0.02,0.33,0.02
9,9,0.0,0.01,0.02,0.03,0.21,0.05,0.02,0.09,0.06,0.51
5,5,0.01,0.0,0.01,0.25,0.01,0.44,0.04,0.0,0.21,0.03
2,2,0.01,0.01,0.77,0.05,0.1,0.02,0.02,0.02,0.0,0.0
7,7,0.01,0.05,0.02,0.12,0.18,0.05,0.02,0.29,0.04,0.22
1,1,0.0,1.0,0.0,0.0,0.0,0.0,0.0,0.0,0.0,0.0
8,8,0.0,0.02,0.04,0.05,0.04,0.04,0.03,0.01,0.74,0.03
9,9,0.01,0.03,0.04,0.06,0.06,0.08,0.03,0.19,0.05,0.45
2,2,0.0,0.0,0.89,0.05,0.0,0.0,0.01,0.01,0.04,0.0
5,5,0.0,0.0,0.0,0.16,0.05,0.6,0.03,0.01,0.11,0.04
7,7,0.0,0.0,0.0,0.0,0.0,0.0,0.0,0.99,0.0,0.01
4,4,0.0,0.0,0.0,0.0,0.96,0.01,0.02,0.0,0.0,0.01
8,8,0.02,0.0,0.16,0.01,0.04,0.11,0.01,0.02,0.62,0.01
3,3,0.01,0.0,0.11,0.64,0.0,0.07,0.0,0.02,0.13,0.02
0,0,0.96,0.0,0.0,0.0,0.0,0.01,0.0,0.01,0.01,0.01
2,2,0.0,0.0,0.99,0.01,0.0,0.0,0.0,0.0,0.0,0.0
7,7,0.0,0.0,0.01,0.0,0.0,0.0,0.0,0.97,0.01,0.01
7,7,0.04,0.0,0.01,0.02,0.15,0.08,0.02,0.42,0.02,0.24
9,9,0.0,0.02,0.0,0.05,0.09,0.0,0.01,0.04,0.01,0.78
9,9,0.12,0.01,0.05,0.06,0.14,0.08,0.15,0.07,0.03,0.29
4,4,0.0,0.0,0.0,0.0,1.0,0.0,0.0,0.0,0.0,0.0
0,0,0.91,0.0,0.01,0.0,0.0,0.0,0.06,0.01,0.01,0.0
7,7,0.0,0.0,0.0,0.0,0.0,0.0,0.0,0.99,0.0,0.01
7,7,0.0,0.0,0.0,0.0,0.0,0.01,0.0,0.98,0.0,0.01
4,4,0.0,0.0,0.0,0.0,0.93,0.02,0.0,0.0,0.0,0.05
4,4,0.01,0.0,0.0,0.0,0.76,0.01,0.03,0.04,0.05,0.1
8,8,0.0,0.01,0.02,0.0,0.02,0.02,0.01,0.0,0.92,0.0
9,9,0.0,0.0,0.04,0.0,0.06,0.02,0.0,0.08,0.0,0.8
0,0,0.81,0.01,0.02,0.03,0.01,0.06,0.01,0.0,0.04,0.01
9,9,0.04,0.02,0.0,0.09,0.02,0.03,0.01,0.11,0.02,0.66
6,1,0.0,0.69,0.02,0.06,0.0,0.04,0.06,0.0,0.13,0.0
7,7,0.0,0.03,0.23,0.07,0.01,0.0,0.0,0.66,0.0,0.0
4,4,0.02,0.0,0.04,0.0,0.67,0.02,0.13,0.04,0.01,0.07
7,7,0.0,0.0,0.02,0.01,0.01,0.0,0.0,0.95,0.0,0.01
7,7,0.01,0.0,0.01,0.02,0.07,0.0,0.0,0.8,0.01,0.08
3,3,0.03,0.03,0.02,0.65,0.01,0.08,0.01,0.02,0.13,0.02
2,2,0.03,0.0,0.8,0.01,0.01,0.02,0.11,0.01,0.01,0.0
3,3,0.0,0.02,0.06,0.78,0.0,0.03,0.0,0.04,0.03,0.04
3,3,0.0,0.02,0.05,0.75,0.0,0.07,0.0,0.02,0.08,0.01
5,5,0.0,0.0,0.01,0.02,0.01,0.67,0.26,0.0,0.03,0.0
9,9,0.0,0.01,0.01,0.01,0.09,0.01,0.01,0.08,0.02,0.76
9,9,0.03,0.0,0.03,0.21,0.01,0.04,0.0,0.01,0.02,0.65
3,3,0.0,0.0,0.0,0.97,0.01,0.01,0.0,0.0,0.01,0.0
4,4,0.01,0.01,0.11,0.0,0.76,0.02,0.02,0.0,0.02,0.05
4,4,0.0,0.16,0.04,0.1,0.25,0.08,0.08,0.09,0.08,0.12
7,7,0.0,0.0,0.02,0.03,0.01,0.0,0.0,0.92,0.01,0.01
9,9,0.0,0.0,0.0,0.01,0.04,0.03,0.0,0.03,0.01,0.88
0,0,0.98,0.0,0.0,0.0,0.0,0.0,0.01,0.01,0.0,0.0
0,0,1.0,0.0,0.0,0.0,0.0,0.0,0.0,0.0,0.0,0.0
9,9,0.0,0.0,0.0,0.0,0.04,0.0,0.0,0.0,0.01,0.95
9,9,0.0,0.0,0.01,0.01,0.07,0.01,0.0,0.02,0.0,0.88
6,6,0.07,0.01,0.02,0.02,0.06,0.01,0.72,0.0,0.05,0.04
3,3,0.0,0.0,0.0,0.92,0.0,0.06,0.0,0.0,0.01,0.01
9,9,0.09,0.0,0.02,0.0,0.03,0.0,0.0,0.07,0.0,0.79
0,0,1.0,0.0,0.0,0.0,0.0,0.0,0.0,0.0,0.0,0.0
3,3,0.01,0.02,0.09,0.56,0.0,0.11,0.01,0.0,0.19,0.01
7,7,0.0,0.0,0.01,0.0,0.0,0.0,0.0,0.99,0.0,0.0
3,3,0.01,0.01,0.01,0.89,0.01,0.06,0.0,0.0,0.0,0.01
7,7,0.0,0.0,0.0,0.0,0.0,0.0,0.01,0.95,0.01,0.03
1,1,0.0,1.0,0.0,0.0,0.0,0.0,0.0,0.0,0.0,0.0
4,4,0.03,0.01,0.08,0.0,0.45,0.04,0.03,0.11,0.03,0.22
9,9,0.0,0.0,0.02,0.02,0.03,0.01,0.01,0.07,0.01,0.83
9,9,0.0,0.01,0.0,0.0,0.01,0.0,0.0,0.01,0.01,0.96
6,6,0.01,0.0,0.01,0.0,0.04,0.1,0.81,0.01,0.0,0.02
0,0,0.75,0.0,0.0,0.01,0.0,0.07,0.08,0.03,0.0,0.06
5,5,0.02,0.0,0.0,0.03,0.01,0.81,0.02,0.01,0.07,0.03
2,2,0.0,0.01,0.9,0.01,0.0,0.02,0.0,0.0,0.06,0.0
4,4,0.0,0.0,0.02,0.01,0.61,0.02,0.0,0.09,0.03,0.22
2,2,0.02,0.01,0.4,0.05,0.34,0.0,0.04,0.05,0.03,0.06
7,7,0.0,0.0,0.03,0.16,0.06,0.01,0.01,0.53,0.02,0.18
1,1,0.01,0.72,0.02,0.01,0.01,0.01,0.02,0.05,0.14,0.01
9,3,0.06,0.01,0.01,0.26,0.05,0.15,0.02,0.13,0.06,0.25
0,0,0.38,0.05,0.05,0.07,0.03,0.07,0.15,0.04,0.1,0.06
9,3,0.13,0.04,0.15,0.3,0.03,0.18,0.02,0.03,0.1,0.02
7,7,0.01,0.0,0.0,0.02,0.03,0.02,0.0,0.83,0.02,0.07
4,4,0.04,0.0,0.05,0.01,0.4,0.06,0.02,0.02,0.13,0.27
5,5,0.04,0.01,0.07,0.1,0.01,0.61,0.1,0.0,0.04,0.02
5,5,0.0,0.03,0.01,0.04,0.03,0.78,0.04,0.0,0.06,0.01
4,4,0.01,0.0,0.0,0.02,0.86,0.0,0.01,0.02,0.02,0.06
1,1,0.0,0.99,0.0,0.0,0.01,0.0,0.0,0.0,0.0,0.0
3,3,0.01,0.0,0.0,0.99,0.0,0.0,0.0,0.0,0.0,0.0
3,1,0.04,0.33,0.09,0.08,0.0,0.07,0.06,0.03,0.27,0.03
5,5,0.02,0.0,0.01,0.05,0.05,0.49,0.12,0.01,0.17,0.08
1,1,0.0,0.99,0.0,0.0,0.0,0.0,0.0,0.01,0.0,0.0
8,8,0.0,0.01,0.01,0.01,0.0,0.01,0.0,0.0,0.95,0.01
2,2,0.0,0.02,0.88,0.0,0.0,0.01,0.05,0.0,0.03,0.01
7,7,0.0,0.0,0.0,0.0,0.0,0.0,0.0,1.0,0.0,0.0
1,1,0.0,0.94,0.03,0.0,0.0,0.0,0.01,0.0,0.02,0.0
7,7,0.01,0.0,0.0,0.01,0.12,0.04,0.0,0.73,0.0,0.09
3,3,0.03,0.03,0.03,0.46,0.02,0.32,0.01,0.01,0.07,0.02
1,1,0.0,0.97,0.01,0.0,0.0,0.01,0.0,0.0,0.01,0.0
9,9,0.0,0.0,0.0,0.0,0.04,0.02,0.0,0.0,0.0,0.94
9,9,0.03,0.0,0.04,0.06,0.24,0.08,0.02,0.11,0.02,0.4
1,1,0.0,1.0,0.0,0.0,0.0,0.0,0.0,0.0,0.0,0.0
1,1,0.0,0.96,0.03,0.01,0.0,0.0,0.0,0.0,0.0,0.0
0,0,0.84,0.0,0.0,0.0,0.03,0.01,0.04,0.02,0.0,0.06
1,1,0.0,1.0,0.0,0.0,0.0,0.0,0.0,0.0,0.0,0.0
2,2,0.0,0.01,0.88,0.05,0.01,0.01,0.01,0.01,0.01,0.01
9,9,0.0,0.01,0.02,0.01,0.07,0.01,0.01,0.01,0.01,0.85
7,7,0.0,0.0,0.0,0.0,0.02,0.0,0.0,0.98,0.0,0.0
4,7,0.0,0.13,0.08,0.06,0.09,0.02,0.14,0.18,0.18,0.12
2,2,0.0,0.0,0.99,0.01,0.0,0.0,0.0,0.0,0.0,0.0
9,9,0.0,0.0,0.0,0.0,0.07,0.0,0.0,0.03,0.0,0.9
4,4,0.0,0.0,0.0,0.0,0.96,0.0,0.0,0.0,0.0,0.04
8,8,0.01,0.0,0.03,0.06,0.01,0.08,0.0,0.01,0.8,0.0
2,2,0.0,0.06,0.84,0.03,0.01,0.02,0.02,0.02,0.0,0.0
2,2,0.01,0.1,0.64,0.05,0.01,0.02,0.03,0.03,0.1,0.01
2,2,0.05,0.0,0.71,0.01,0.04,0.05,0.03,0.04,0.01,0.06
5,5,0.01,0.0,0.01,0.05,0.02,0.84,0.02,0.0,0.03,0.02
8,8,0.01,0.01,0.07,0.09,0.13,0.06,0.01,0.01,0.42,0.19
6,6,0.0,0.0,0.01,0.0,0.01,0.01,0.97,0.0,0.0,0.0
5,5,0.02,0.0,0.01,0.08,0.15,0.5,0.01,0.07,0.08,0.08
0,0,0.98,0.0,0.0,0.01,0.0,0.0,0.0,0.01,0.0,0.0
7,7,0.0,0.16,0.03,0.06,0.1,0.08,0.06,0.21,0.2,0.1
0,0,0.84,0.0,0.01,0.0,0.02,0.04,0.07,0.01,0.0,0.01
1,1,0.0,0.89,0.01,0.01,0.0,0.0,0.0,0.04,0.03,0.02
7,7,0.01,0.01,0.0,0.01,0.04,0.04,0.01,0.43,0.02,0.43
3,3,0.0,0.0,0.04,0.88,0.01,0.02,0.0,0.01,0.02,0.02
3,3,0.01,0.0,0.02,0.91,0.0,0.02,0.0,0.0,0.04,0.0
8,8,0.01,0.02,0.11,0.03,0.08,0.03,0.07,0.0,0.57,0.08
7,7,0.0,0.0,0.0,0.0,0.0,0.0,0.0,1.0,0.0,0.0
8,9,0.0,0.02,0.01,0.09,0.08,0.17,0.02,0.16,0.17,0.28
9,9,0.0,0.0,0.0,0.05,0.05,0.04,0.0,0.04,0.04,0.78
4,4,0.0,0.0,0.0,0.0,0.96,0.02,0.0,0.0,0.01,0.01
7,7,0.0,0.0,0.0,0.01,0.0,0.0,0.0,0.99,0.0,0.0
5,5,0.01,0.16,0.01,0.05,0.02,0.53,0.0,0.07,0.12,0.03
9,9,0.01,0.0,0.0,0.0,0.01,0.0,0.0,0.0,0.0,0.98
4,4,0.0,0.0,0.0,0.02,0.76,0.03,0.0,0.0,0.06,0.13
5,5,0.01,0.0,0.01,0.08,0.04,0.76,0.04,0.01,0.0,0.05
0,0,0.61,0.0,0.06,0.05,0.02,0.13,0.03,0.01,0.07,0.02
9,9,0.0,0.0,0.01,0.01,0.01,0.01,0.0,0.01,0.0,0.95
9,9,0.03,0.0,0.0,0.02,0.01,0.04,0.0,0.03,0.0,0.87
5,5,0.03,0.0,0.01,0.19,0.07,0.5,0.03,0.08,0.01,0.08
3,3,0.01,0.01,0.18,0.57,0.02,0.09,0.01,0.02,0.09,0.0
4,4,0.01,0.01,0.04,0.0,0.72,0.01,0.01,0.05,0.0,0.15
7,7,0.0,0.0,0.0,0.0,0.01,0.01,0.0,0.97,0.0,0.01
6,6,0.0,0.0,0.02,0.0,0.06,0.0,0.91,0.0,0.01,0.0
3,3,0.01,0.01,0.03,0.87,0.0,0.03,0.01,0.0,0.03,0.01
3,3,0.01,0.02,0.1,0.58,0.0,0.08,0.03,0.0,0.16,0.02
5,5,0.04,0.01,0.0,0.0,0.03,0.83,0.05,0.01,0.01,0.02
1,1,0.0,0.99,0.01,0.0,0.0,0.0,0.0,0.0,0.0,0.0
7,7,0.0,0.0,0.03,0.03,0.02,0.01,0.0,0.85,0.04,0.02
9,9,0.0,0.0,0.0,0.01,0.05,0.0,0.0,0.04,0.0,0.9
3,3,0.01,0.01,0.03,0.79,0.02,0.01,0.02,0.04,0.02,0.05
5,5,0.05,0.02,0.01,0.3,0.01,0.37,0.0,0.01,0.03,0.2
7,7,0.0,0.0,0.0,0.01,0.0,0.0,0.0,0.99,0.0,0.0
2,2,0.02,0.0,0.83,0.01,0.02,0.03,0.07,0.0,0.01,0.01
9,9,0.0,0.0,0.0,0.01,0.03,0.0,0.0,0.02,0.02,0.92
0,0,0.84,0.0,0.08,0.03,0.01,0.0,0.01,0.0,0.03,0.0
2,2,0.0,0.0,0.98,0.0,0.0,0.0,0.01,0.01,0.0,0.0
0,0,0.99,0.0,0.0,0.0,0.0,0.0,0.0,0.0,0.0,0.01
5,5,0.03,0.02,0.01,0.24,0.03,0.48,0.03,0.05,0.06,0.05
0,0,1.0,0.0,0.0,0.0,0.0,0.0,0.0,0.0,0.0,0.0
6,6,0.0,0.0,0.01,0.0,0.0,0.0,0.95,0.01,0.03,0.0
2,2,0.01,0.01,0.83,0.06,0.02,0.01,0.01,0.04,0.01,0.0
5,5,0.0,0.06,0.03,0.12,0.0,0.74,0.0,0.0,0.05,0.0
4,4,0.01,0.0,0.02,0.0,0.86,0.01,0.01,0.0,0.01,0.08
1,1,0.0,1.0,0.0,0.0,0.0,0.0,0.0,0.0,0.0,0.0
4,4,0.0,0.04,0.02,0.03,0.75,0.06,0.03,0.02,0.03,0.02
2,2,0.0,0.01,0.62,0.05,0.03,0.01,0.03,0.2,0.04,0.01
9,9,0.0,0.01,0.0,0.0,0.05,0.01,0.0,0.05,0.07,0.81
8,8,0.0,0.01,0.02,0.0,0.04,0.06,0.05,0.01,0.78,0.03
5,5,0.0,0.01,0.0,0.0,0.01,0.78,0.01,0.03,0.07,0.09
4,4,0.0,0.0,0.02,0.01,0.62,0.0,0.04,0.1,0.01,0.2
3,3,0.02,0.01,0.01,0.66,0.01,0.13,0.0,0.01,0.09,0.06
3,3,0.0,0.0,0.01,0.89,0.01,0.02,0.0,0.01,0.06,0.0
9,9,0.03,0.0,0.12,0.01,0.04,0.0,0.01,0.01,0.0,0.78
6,6,0.0,0.0,0.02,0.0,0.05,0.02,0.86,0.0,0.01,0.04
2,2,0.01,0.01,0.85,0.07,0.01,0.01,0.02,0.0,0.01,0.01
7,7,0.0,0.0,0.0,0.0,0.0,0.0,0.0,1.0,0.0,0.0
3,3,0.02,0.0,0.09,0.66,0.02,0.06,0.02,0.0,0.06,0.07
8,8,0.04,0.03,0.02,0.01,0.0,0.04,0.03,0.0,0.81,0.02
0,0,0.61,0.02,0.04,0.1,0.02,0.08,0.02,0.08,0.01,0.02
0,0,0.94,0.0,0.01,0.0,0.0,0.0,0.04,0.0,0.01,0.0
7,7,0.11,0.01,0.0,0.03,0.0,0.02,0.0,0.78,0.0,0.05
5,5,0.02,0.08,0.02,0.1,0.04,0.56,0.09,0.0,0.06,0.03
4,4,0.0,0.0,0.0,0.0,0.99,0.0,0.0,0.0,0.0,0.01
1,1,0.0,0.96,0.0,0.01,0.0,0.0,0.0,0.01,0.02,0.0
1,1,0.01,0.69,0.06,0.02,0.04,0.01,0.01,0.11,0.05,0.0
9,9,0.01,0.0,0.0,0.01,0.06,0.04,0.01,0.05,0.04,0.78
5,5,0.06,0.0,0.04,0.28,0.0,0.48,0.05,0.0,0.06,0.03
0,0,0.69,0.01,0.05,0.04,0.01,0.02,0.03,0.03,0.06,0.06
5,5,0.05,0.0,0.01,0.21,0.04,0.41,0.01,0.02,0.12,0.13
1,1,0.0,0.98,0.01,0.0,0.0,0.0,0.01,0.0,0.0,0.0
6,6,0.0,0.0,0.0,0.0,0.0,0.0,1.0,0.0,0.0,0.0
2,2,0.0,0.0,0.95,0.0,0.0,0.02,0.0,0.02,0.01,0.0
9,9,0.0,0.0,0.0,0.01,0.04,0.0,0.01,0.03,0.0,0.91
1,1,0.0,1.0,0.0,0.0,0.0,0.0,0.0,0.0,0.0,0.0
8,8,0.02,0.0,0.02,0.07,0.0,0.06,0.04,0.0,0.79,0.0
1,1,0.0,1.0,0.0,0.0,0.0,0.0,0.0,0.0,0.0,0.0
1,1,0.0,1.0,0.0,0.0,0.0,0.0,0.0,0.0,0.0,0.0
2,2,0.08,0.02,0.65,0.07,0.0,0.04,0.04,0.03,0.04,0.03
3,3,0.0,0.0,0.0,0.84,0.04,0.01,0.01,0.01,0.05,0.04
5,5,0.06,0.0,0.0,0.11,0.02,0.66,0.02,0.02,0.04,0.07
4,4,0.0,0.04,0.02,0.0,0.7,0.04,0.0,0.01,0.03,0.16
3,3,0.01,0.01,0.01,0.92,0.0,0.03,0.01,0.0,0.01,0.0
9,9,0.0,0.0,0.0,0.0,0.04,0.01,0.01,0.02,0.01,0.91
4,4,0.0,0.0,0.04,0.0,0.89,0.0,0.02,0.02,0.0,0.03
1,1,0.0,0.71,0.02,0.01,0.0,0.03,0.09,0.05,0.09,0.0
3,3,0.01,0.0,0.0,0.83,0.01,0.05,0.02,0.01,0.05,0.02
2,2,0.03,0.0,0.77,0.06,0.02,0.02,0.04,0.02,0.03,0.01
0,0,0.9,0.0,0.02,0.01,0.0,0.01,0.03,0.0,0.01,0.02
2,2,0.02,0.01,0.72,0.04,0.03,0.0,0.04,0.03,0.03,0.08
9,9,0.0,0.0,0.0,0.0,0.02,0.03,0.0,0.0,0.02,0.93
5,5,0.02,0.04,0.01,0.08,0.04,0.56,0.02,0.02,0.19,0.02
1,1,0.0,0.94,0.03,0.01,0.0,0.0,0.0,0.0,0.01,0.01
2,2,0.0,0.0,0.96,0.01,0.0,0.0,0.0,0.01,0.02,0.0
1,1,0.0,0.5,0.09,0.06,0.11,0.01,0.08,0.02,0.12,0.01
9,9,0.0,0.0,0.0,0.07,0.1,0.04,0.0,0.11,0.03,0.65
2,2,0.0,0.02,0.92,0.02,0.0,0.0,0.0,0.0,0.04,0.0
2,2,0.01,0.0,0.93,0.0,0.04,0.0,0.01,0.0,0.01,0.0
0,0,0.92,0.0,0.01,0.0,0.0,0.04,0.01,0.0,0.01,0.01
7,7,0.0,0.01,0.0,0.01,0.0,0.0,0.01,0.95,0.0,0.02
0,0,0.37,0.0,0.06,0.01,0.03,0.08,0.1,0.03,0.25,0.07
7,7,0.0,0.01,0.0,0.0,0.03,0.01,0.02,0.72,0.01,0.2
0,0,0.49,0.0,0.07,0.03,0.03,0.15,0.11,0.02,0.07,0.03
9,9,0.01,0.0,0.03,0.02,0.16,0.01,0.09,0.04,0.08,0.56
0,0,0.8,0.0,0.04,0.02,0.01,0.03,0.03,0.01,0.06,0.0
5,5,0.01,0.02,0.0,0.11,0.01,0.81,0.0,0.01,0.0,0.03
0,0,0.95,0.0,0.01,0.01,0.01,0.02,0.0,0.0,0.0,0.0
6,6,0.11,0.0,0.06,0.07,0.01,0.09,0.39,0.01,0.21,0.05
1,1,0.0,0.93,0.01,0.0,0.0,0.02,0.0,0.0,0.03,0.01
4,4,0.0,0.0,0.01,0.0,0.95,0.0,0.0,0.0,0.01,0.03
7,7,0.0,0.0,0.0,0.0,0.06,0.03,0.01,0.85,0.0,0.05
7,7,0.0,0.0,0.0,0.01,0.0,0.0,0.0,0.97,0.0,0.02
5,5,0.13,0.0,0.02,0.08,0.0,0.71,0.02,0.0,0.04,0.0
5,5,0.08,0.0,0.0,0.24,0.01,0.48,0.02,0.05,0.06,0.06
9,9,0.01,0.0,0.0,0.01,0.13,0.04,0.0,0.08,0.01,0.72
8,8,0.03,0.0,0.02,0.04,0.01,0.05,0.0,0.03,0.76,0.06
0,0,0.72,0.01,0.05,0.03,0.01,0.02,0.04,0.0,0.09,0.03
6,6,0.0,0.0,0.01,0.0,0.0,0.0,0.98,0.0,0.0,0.01
0,0,0.85,0.0,0.03,0.01,0.0,0.02,0.02,0.0,0.02,0.05
0,0,0.65,0.0,0.14,0.04,0.02,0.01,0.1,0.0,0.01,0.03
0,0,0.9,0.0,0.01,0.04,0.0,0.02,0.0,0.0,0.03,0.0
1,1,0.0,1.0,0.0,0.0,0.0,0.0,0.0,0.0,0.0,0.0
0,0,0.94,0.0,0.02,0.0,0.0,0.0,0.03,0.0,0.0,0.01
1,1,0.0,0.99,0.0,0.01,0.0,0.0,0.0,0.0,0.0,0.0
8,4,0.02,0.04,0.04,0.11,0.2,0.11,0.12,0.04,0.19,0.13
2,2,0.02,0.0,0.86,0.04,0.0,0.01,0.01,0.0,0.05,0.01
1,1,0.0,0.99,0.0,0.01,0.0,0.0,0.0,0.0,0.0,0.0
5,5,0.02,0.04,0.0,0.18,0.1,0.43,0.01,0.08,0.03,0.11
7,7,0.07,0.0,0.11,0.02,0.15,0.14,0.01,0.24,0.1,0.16
2,2,0.0,0.03,0.62,0.19,0.0,0.0,0.0,0.05,0.11,0.0
6,6,0.0,0.0,0.01,0.0,0.02,0.0,0.96,0.0,0.0,0.01
8,8,0.01,0.0,0.02,0.1,0.0,0.01,0.0,0.01,0.85,0.0
5,5,0.03,0.01,0.01,0.12,0.01,0.67,0.0,0.01,0.07,0.07
1,1,0.0,1.0,0.0,0.0,0.0,0.0,0.0,0.0,0.0,0.0
9,9,0.0,0.0,0.01,0.02,0.06,0.03,0.0,0.12,0.03,0.73
6,6,0.0,0.0,0.0,0.0,0.0,0.0,0.99,0.0,0.0,0.01
0,0,0.57,0.0,0.11,0.03,0.02,0.02,0.1,0.02,0.1,0.03
3,3,0.02,0.0,0.01,0.59,0.06,0.17,0.02,0.02,0.09,0.02
9,9,0.0,0.0,0.04,0.02,0.05,0.0,0.02,0.03,0.03,0.81
4,4,0.0,0.0,0.0,0.0,0.98,0.0,0.0,0.0,0.01,0.01
3,3,0.0,0.0,0.02,0.9,0.01,0.07,0.0,0.0,0.0,0.0
2,2,0.02,0.01,0.6,0.09,0.0,0.0,0.0,0.04,0.24,0.0
1,1,0.0,1.0,0.0,0.0,0.0,0.0,0.0,0.0,0.0,0.0
3,3,0.02,0.08,0.1,0.54,0.05,0.02,0.02,0.06,0.03,0.08
6,6,0.01,0.0,0.02,0.01,0.02,0.02,0.91,0.0,0.01,0.0
4,4,0.0,0.0,0.0,0.01,0.8,0.02,0.03,0.02,0.04,0.08
0,0,0.92,0.0,0.01,0.01,0.0,0.01,0.0,0.01,0.02,0.02
6,6,0.12,0.01,0.13,0.03,0.04,0.03,0.55,0.0,0.09,0.0
4,4,0.0,0.0,0.02,0.07,0.57,0.04,0.0,0.06,0.05,0.19
6,6,0.0,0.0,0.0,0.0,0.01,0.0,0.99,0.0,0.0,0.0
0,0,0.94,0.0,0.02,0.0,0.0,0.03,0.01,0.0,0.0,0.0
2,2,0.02,0.0,0.69,0.06,0.0,0.02,0.04,0.0,0.17,0.0
1,1,0.0,0.98,0.0,0.02,0.0,0.0,0.0,0.0,0.0,0.0
5,1,0.01,0.44,0.06,0.03,0.0,0.24,0.06,0.01,0.13,0.02
8,8,0.01,0.02,0.13,0.1,0.05,0.06,0.08,0.01,0.54,0.0
1,1,0.0,0.99,0.0,0.0,0.0,0.01,0.0,0.0,0.0,0.0
5,5,0.01,0.03,0.07,0.09,0.02,0.55,0.2,0.0,0.03,0.0
0,0,0.98,0.0,0.0,0.0,0.0,0.01,0.01,0.0,0.0,0.0
9,9,0.0,0.08,0.0,0.06,0.17,0.05,0.01,0.08,0.09,0.46
4,4,0.0,0.0,0.0,0.01,0.91,0.0,0.01,0.01,0.01,0.05
7,7,0.0,0.05,0.06,0.07,0.01,0.04,0.0,0.61,0.02,0.14
0,0,0.82,0.0,0.01,0.03,0.01,0.04,0.03,0.02,0.0,0.04
5,5,0.0,0.0,0.02,0.09,0.11,0.37,0.02,0.02,0.02,0.35
4,4,0.01,0.03,0.02,0.01,0.81,0.02,0.0,0.03,0.05,0.02
6,6,0.01,0.02,0.02,0.0,0.03,0.02,0.88,0.0,0.02,0.0
6,6,0.0,0.0,0.01,0.0,0.02,0.0,0.97,0.0,0.0,0.0
6,6,0.01,0.02,0.02,0.02,0.03,0.02,0.87,0.01,0.0,0.0
1,1,0.0,0.99,0.0,0.0,0.01,0.0,0.0,0.0,0.0,0.0
4,4,0.0,0.0,0.0,0.0,0.86,0.0,0.01,0.04,0.01,0.08
9,9,0.0,0.0,0.0,0.02,0.03,0.01,0.0,0.1,0.01,0.83
5,5,0.01,0.19,0.02,0.16,0.03,0.36,0.04,0.04,0.13,0.02
3,3,0.0,0.01,0.02,0.85,0.0,0.09,0.0,0.0,0.02,0.01
2,2,0.02,0.0,0.8,0.02,0.04,0.02,0.07,0.0,0.02,0.01
6,6,0.04,0.01,0.14,0.02,0.11,0.01,0.64,0.01,0.01,0.01
7,2,0.14,0.03,0.46,0.1,0.0,0.02,0.09,0.12,0.03,0.01
5,5,0.03,0.01,0.02,0.14,0.11,0.4,0.03,0.06,0.08,0.12
0,0,0.97,0.0,0.0,0.0,0.0,0.01,0.02,0.0,0.0,0.0
8,8,0.02,0.01,0.04,0.05,0.01,0.03,0.0,0.03,0.73,0.08
0,0,1.0,0.0,0.0,0.0,0.0,0.0,0.0,0.0,0.0,0.0
5,5,0.06,0.0,0.06,0.08,0.08,0.56,0.05,0.02,0.05,0.04
5,5,0.0,0.01,0.0,0.17,0.02,0.68,0.01,0.03,0.02,0.06
5,5,0.03,0.01,0.0,0.11,0.01,0.82,0.0,0.0,0.02,0.0
0,0,0.98,0.0,0.01,0.0,0.0,0.01,0.0,0.0,0.0,0.0
1,1,0.0,0.75,0.02,0.07,0.02,0.07,0.01,0.0,0.02,0.04
6,6,0.01,0.0,0.03,0.0,0.02,0.02,0.91,0.0,0.01,0.0
3,3,0.01,0.01,0.11,0.69,0.01,0.07,0.0,0.0,0.09,0.01
7,7,0.0,0.0,0.0,0.0,0.0,0.0,0.0,1.0,0.0,0.0
4,4,0.02,0.0,0.16,0.05,0.37,0.04,0.06,0.03,0.05,0.22
8,8,0.0,0.07,0.22,0.08,0.0,0.0,0.05,0.01,0.53,0.04
4,4,0.01,0.0,0.0,0.0,0.47,0.0,0.0,0.11,0.02,0.39
9,9,0.0,0.0,0.01,0.02,0.06,0.01,0.01,0.0,0.02,0.87
5,5,0.03,0.0,0.02,0.1,0.03,0.64,0.03,0.02,0.01,0.12
2,2,0.01,0.02,0.89,0.03,0.0,0.0,0.02,0.02,0.01,0.0
8,8,0.0,0.0,0.06,0.04,0.01,0.04,0.02,0.0,0.81,0.02
1,1,0.0,1.0,0.0,0.0,0.0,0.0,0.0,0.0,0.0,0.0
7,7,0.0,0.0,0.02,0.01,0.0,0.0,0.0,0.97,0.0,0.0
6,6,0.02,0.0,0.05,0.01,0.05,0.15,0.59,0.01,0.07,0.05
1,1,0.0,1.0,0.0,0.0,0.0,0.0,0.0,0.0,0.0,0.0
4,4,0.0,0.02,0.03,0.03,0.76,0.01,0.06,0.0,0.02,0.07
4,4,0.0,0.01,0.01,0.0,0.92,0.0,0.0,0.02,0.0,0.04
5,5,0.11,0.0,0.05,0.25,0.0,0.51,0.03,0.02,0.01,0.02
5,5,0.04,0.0,0.02,0.28,0.01,0.58,0.02,0.02,0.02,0.01
9,9,0.0,0.03,0.01,0.08,0.18,0.13,0.02,0.06,0.08,0.41
7,7,0.03,0.01,0.04,0.03,0.05,0.07,0.04,0.42,0.16,0.15
1,1,0.0,0.98,0.0,0.0,0.0,0.01,0.01,0.0,0.0,0.0
9,9,0.0,0.0,0.01,0.0,0.04,0.03,0.01,0.05,0.02,0.84
7,7,0.01,0.0,0.03,0.09,0.01,0.09,0.01,0.67,0.01,0.08
1,1,0.0,1.0,0.0,0.0,0.0,0.0,0.0,0.0,0.0,0.0
6,6,0.0,0.0,0.0,0.0,0.01,0.0,0.98,0.0,0.0,0.01
9,9,0.0,0.0,0.0,0.0,0.02,0.05,0.0,0.08,0.0,0.85
7,7,0.0,0.02,0.01,0.02,0.01,0.02,0.0,0.83,0.02,0.07
3,3,0.01,0.0,0.11,0.53,0.05,0.09,0.02,0.02,0.13,0.04
0,0,0.99,0.0,0.0,0.0,0.0,0.0,0.0,0.0,0.0,0.01
8,8,0.01,0.18,0.0,0.13,0.05,0.14,0.07,0.03,0.29,0.1
7,7,0.0,0.0,0.02,0.04,0.16,0.01,0.0,0.66,0.01,0.1
5,0,0.25,0.05,0.07,0.07,0.09,0.19,0.09,0.11,0.04,0.04
2,2,0.01,0.01,0.95,0.01,0.0,0.01,0.0,0.0,0.0,0.01
7,7,0.0,0.0,0.0,0.0,0.0,0.0,0.0,1.0,0.0,0.0
6,6,0.0,0.0,0.03,0.0,0.0,0.0,0.95,0.0,0.01,0.01
6,6,0.0,0.0,0.02,0.0,0.06,0.0,0.89,0.02,0.01,0.0
1,1,0.0,1.0,0.0,0.0,0.0,0.0,0.0,0.0,0.0,0.0
6,6,0.03,0.04,0.05,0.06,0.04,0.05,0.62,0.03,0.08,0.0
2,6,0.19,0.02,0.19,0.21,0.02,0.06,0.24,0.01,0.06,0.0
3,3,0.02,0.02,0.08,0.7,0.04,0.06,0.01,0.02,0.04,0.01
8,8,0.0,0.0,0.08,0.11,0.05,0.05,0.01,0.05,0.61,0.04
7,7,0.0,0.0,0.0,0.0,0.0,0.0,0.0,0.99,0.0,0.01
7,7,0.0,0.05,0.03,0.19,0.05,0.0,0.0,0.52,0.01,0.15
8,8,0.04,0.0,0.05,0.01,0.02,0.03,0.03,0.0,0.79,0.03
9,2,0.04,0.03,0.36,0.19,0.01,0.1,0.04,0.03,0.15,0.05
5,5,0.0,0.0,0.01,0.07,0.0,0.79,0.0,0.02,0.0,0.11
0,0,0.86,0.0,0.03,0.01,0.01,0.01,0.05,0.0,0.01,0.02
3,3,0.19,0.01,0.09,0.47,0.0,0.09,0.02,0.0,0.08,0.05
9,9,0.02,0.0,0.05,0.03,0.16,0.03,0.06,0.11,0.01,0.53
7,7,0.0,0.0,0.0,0.01,0.01,0.0,0.0,0.96,0.0,0.02
1,1,0.0,1.0,0.0,0.0,0.0,0.0,0.0,0.0,0.0,0.0
4,4,0.0,0.0,0.0,0.01,0.86,0.01,0.0,0.07,0.0,0.05
3,3,0.06,0.0,0.01,0.59,0.02,0.18,0.01,0.0,0.06,0.07
7,7,0.0,0.01,0.03,0.2,0.05,0.0,0.01,0.58,0.01,0.11
5,5,0.01,0.0,0.0,0.0,0.01,0.95,0.0,0.01,0.02,0.0
0,8,0.23,0.02,0.17,0.1,0.02,0.11,0.06,0.04,0.24,0.01
7,7,0.01,0.0,0.04,0.0,0.0,0.03,0.0,0.88,0.03,0.01
6,6,0.0,0.0,0.08,0.04,0.0,0.06,0.8,0.0,0.01,0.01
8,8,0.0,0.03,0.03,0.0,0.0,0.01,0.0,0.0,0.93,0.0
3,3,0.01,0.01,0.0,0.88,0.0,0.07,0.0,0.01,0.0,0.02
7,7,0.0,0.0,0.0,0.01,0.0,0.0,0.0,0.98,0.0,0.01
7,7,0.0,0.0,0.0,0.0,0.02,0.01,0.0,0.96,0.0,0.01
4,4,0.0,0.0,0.01,0.01,0.86,0.0,0.0,0.01,0.03,0.08
3,3,0.02,0.0,0.0,0.98,0.0,0.0,0.0,0.0,0.0,0.0
3,3,0.01,0.01,0.03,0.85,0.0,0.07,0.0,0.01,0.01,0.01
5,5,0.0,0.0,0.0,0.01,0.0,0.97,0.01,0.0,0.01,0.0
1,1,0.0,0.97,0.01,0.0,0.0,0.0,0.01,0.0,0.01,0.0
9,9,0.0,0.0,0.01,0.01,0.01,0.0,0.0,0.01,0.04,0.92
5,5,0.14,0.01,0.03,0.09,0.01,0.49,0.05,0.04,0.08,0.06
3,3,0.0,0.05,0.21,0.27,0.01,0.07,0.02,0.09,0.21,0.07
4,4,0.0,0.01,0.02,0.0,0.89,0.0,0.01,0.02,0.01,0.04
8,8,0.03,0.04,0.06,0.04,0.13,0.07,0.03,0.01,0.5,0.09
3,3,0.01,0.0,0.03,0.83,0.0,0.01,0.01,0.0,0.1,0.01
0,0,0.96,0.0,0.01,0.0,0.01,0.0,0.0,0.0,0.0,0.02
0,6,0.12,0.0,0.1,0.04,0.14,0.06,0.39,0.1,0.0,0.05
8,8,0.03,0.0,0.02,0.03,0.01,0.06,0.03,0.0,0.81,0.01
5,5,0.01,0.0,0.02,0.01,0.0,0.91,0.01,0.0,0.04,0.0
7,7,0.08,0.0,0.0,0.0,0.01,0.04,0.0,0.81,0.0,0.06
8,8,0.04,0.0,0.08,0.11,0.05,0.07,0.04,0.01,0.59,0.01
1,1,0.0,0.97,0.01,0.0,0.0,0.0,0.01,0.0,0.01,0.0
8,8,0.0,0.0,0.02,0.04,0.03,0.07,0.0,0.0,0.81,0.03
3,3,0.0,0.0,0.04,0.84,0.01,0.04,0.02,0.0,0.04,0.01
0,0,0.86,0.0,0.03,0.03,0.02,0.02,0.01,0.02,0.0,0.01
3,3,0.0,0.0,0.04,0.79,0.02,0.04,0.07,0.02,0.02,0.0
2,4,0.05,0.0,0.17,0.06,0.22,0.05,0.16,0.12,0.04,0.13
8,8,0.02,0.06,0.02,0.02,0.02,0.12,0.08,0.05,0.6,0.01
4,4,0.04,0.03,0.07,0.02,0.34,0.04,0.15,0.09,0.17,0.05
0,0,1.0,0.0,0.0,0.0,0.0,0.0,0.0,0.0,0.0,0.0
3,3,0.01,0.01,0.02,0.94,0.0,0.0,0.01,0.0,0.01,0.0
1,1,0.0,0.91,0.02,0.0,0.01,0.0,0.0,0.0,0.06,0.0
0,0,0.82,0.0,0.04,0.01,0.0,0.08,0.01,0.01,0.03,0.0
4,4,0.0,0.0,0.01,0.0,0.93,0.01,0.03,0.0,0.02,0.0
9,9,0.0,0.0,0.0,0.01,0.05,0.0,0.0,0.09,0.0,0.85
7,7,0.0,0.0,0.01,0.0,0.0,0.0,0.0,0.99,0.0,0.0
7,7,0.0,0.0,0.0,0.0,0.0,0.0,0.0,1.0,0.0,0.0
1,1,0.0,0.9,0.03,0.01,0.0,0.01,0.0,0.04,0.0,0.01
1,1,0.02,0.74,0.06,0.0,0.0,0.04,0.0,0.01,0.12,0.01
9,9,0.0,0.0,0.0,0.05,0.02,0.06,0.0,0.01,0.03,0.83
1,1,0.0,0.93,0.02,0.01,0.01,0.0,0.0,0.03,0.0,0.0
2,2,0.0,0.0,0.94,0.05,0.0,0.0,0.0,0.0,0.0,0.01
3,3,0.0,0.01,0.14,0.46,0.02,0.02,0.01,0.09,0.14,0.11
6,6,0.01,0.0,0.01,0.03,0.02,0.0,0.89,0.0,0.03,0.01
3,3,0.0,0.0,0.0,0.86,0.01,0.12,0.0,0.0,0.01,0.0
4,4,0.0,0.02,0.0,0.04,0.87,0.02,0.0,0.03,0.0,0.02
0,0,0.95,0.0,0.0,0.0,0.01,0.0,0.02,0.0,0.02,0.0
6,6,0.02,0.0,0.0,0.01,0.0,0.02,0.93,0.0,0.02,0.0
8,3,0.07,0.04,0.07,0.37,0.09,0.1,0.07,0.01,0.15,0.03
1,1,0.0,0.96,0.0,0.02,0.02,0.0,0.0,0.0,0.0,0.0
3,3,0.0,0.0,0.02,0.8,0.0,0.08,0.0,0.0,0.06,0.04
5,5,0.06,0.0,0.04,0.02,0.0,0.74,0.1,0.0,0.02,0.02
3,3,0.07,0.01,0.26,0.29,0.04,0.14,0.11,0.0,0.05,0.03
1,3,0.04,0.05,0.05,0.29,0.02,0.24,0.0,0.2,0.04,0.07
6,6,0.08,0.01,0.04,0.01,0.01,0.07,0.74,0.0,0.04,0.0
2,2,0.0,0.02,0.8,0.05,0.01,0.0,0.02,0.0,0.1,0.0
6,6,0.05,0.0,0.01,0.04,0.01,0.11,0.75,0.01,0.0,0.02
1,1,0.0,0.94,0.0,0.0,0.0,0.01,0.01,0.01,0.03,0.0
5,5,0.03,0.01,0.04,0.15,0.07,0.54,0.05,0.01,0.06,0.04
1,1,0.0,0.99,0.0,0.0,0.0,0.0,0.0,0.01,0.0,0.0
7,7,0.0,0.0,0.0,0.0,0.0,0.0,0.0,1.0,0.0,0.0
1,1,0.0,0.99,0.0,0.0,0.0,0.0,0.0,0.0,0.01,0.0
1,1,0.0,0.97,0.0,0.0,0.0,0.0,0.0,0.02,0.01,0.0
6,6,0.05,0.0,0.08,0.07,0.05,0.2,0.39,0.01,0.09,0.06
4,4,0.0,0.03,0.02,0.02,0.74,0.0,0.0,0.02,0.04,0.13
7,7,0.0,0.0,0.0,0.01,0.0,0.01,0.0,0.95,0.0,0.03
5,5,0.04,0.0,0.06,0.2,0.0,0.51,0.06,0.01,0.08,0.04
5,5,0.0,0.0,0.01,0.03,0.04,0.82,0.01,0.0,0.05,0.04
7,7,0.0,0.01,0.04,0.01,0.03,0.0,0.0,0.87,0.01,0.03
6,6,0.0,0.0,0.03,0.0,0.07,0.01,0.84,0.01,0.02,0.02
7,9,0.0,0.03,0.06,0.1,0.1,0.03,0.04,0.22,0.11,0.31
0,0,0.72,0.0,0.04,0.08,0.0,0.08,0.0,0.02,0.04,0.02
7,7,0.0,0.0,0.01,0.02,0.0,0.0,0.0,0.97,0.0,0.0
0,0,0.94,0.0,0.02,0.0,0.0,0.02,0.02,0.0,0.0,0.0
1,6,0.01,0.19,0.27,0.06,0.03,0.02,0.34,0.0,0.08,0.0
6,6,0.0,0.07,0.03,0.09,0.14,0.05,0.55,0.0,0.03,0.04
1,1,0.0,0.93,0.01,0.01,0.01,0.0,0.0,0.0,0.04,0.0
1,1,0.0,0.81,0.0,0.09,0.01,0.04,0.01,0.01,0.03,0.0
8,8,0.0,0.02,0.0,0.01,0.01,0.0,0.01,0.01,0.92,0.02
9,9,0.0,0.0,0.0,0.0,0.01,0.02,0.0,0.01,0.0,0.96
9,9,0.0,0.01,0.01,0.02,0.11,0.02,0.01,0.1,0.05,0.67
5,5,0.13,0.0,0.02,0.1,0.03,0.48,0.05,0.1,0.02,0.07
4,4,0.04,0.0,0.05,0.04,0.39,0.07,0.17,0.04,0.07,0.13
5,5,0.03,0.0,0.05,0.0,0.15,0.37,0.04,0.13,0.03,0.2
8,8,0.01,0.07,0.01,0.04,0.0,0.04,0.01,0.01,0.8,0.01
6,6,0.02,0.0,0.06,0.0,0.01,0.0,0.9,0.0,0.01,0.0
4,4,0.0,0.02,0.0,0.0,0.79,0.0,0.06,0.03,0.02,0.08
8,8,0.01,0.02,0.07,0.06,0.03,0.02,0.02,0.0,0.76,0.01
9,9,0.0,0.0,0.02,0.02,0.0,0.02,0.0,0.05,0.0,0.89
3,3,0.0,0.05,0.09,0.51,0.05,0.05,0.04,0.02,0.13,0.06
9,9,0.0,0.0,0.01,0.01,0.04,0.05,0.0,0.07,0.04,0.78
0,0,0.85,0.01,0.02,0.01,0.01,0.01,0.02,0.02,0.02,0.03
5,9,0.05,0.02,0.09,0.06,0.2,0.17,0.06,0.07,0.07,0.21
7,7,0.0,0.0,0.01,0.01,0.04,0.04,0.0,0.88,0.0,0.02
6,6,0.1,0.0,0.07,0.02,0.13,0.02,0.52,0.03,0.06,0.05
8,8,0.0,0.02,0.05,0.15,0.05,0.02,0.0,0.09,0.45,0.17
9,9,0.01,0.01,0.0,0.19,0.01,0.04,0.0,0.0,0.02,0.72
8,8,0.01,0.01,0.01,0.06,0.08,0.07,0.05,0.02,0.54,0.15
4,9,0.0,0.07,0.12,0.05,0.23,0.02,0.02,0.02,0.19,0.28
6,5,0.11,0.11,0.05,0.01,0.02,0.25,0.23,0.03,0.18,0.01
9,9,0.03,0.0,0.04,0.03,0.02,0.02,0.0,0.03,0.01,0.82
4,4,0.0,0.0,0.01,0.01,0.89,0.0,0.01,0.01,0.0,0.07
1,1,0.0,0.98,0.0,0.02,0.0,0.0,0.0,0.0,0.0,0.0
7,7,0.0,0.0,0.0,0.0,0.0,0.0,0.0,1.0,0.0,0.0
6,6,0.0,0.0,0.0,0.0,0.0,0.01,0.99,0.0,0.0,0.0
9,9,0.0,0.01,0.05,0.06,0.11,0.01,0.0,0.14,0.06,0.56
6,6,0.0,0.0,0.02,0.0,0.04,0.0,0.93,0.0,0.01,0.0
5,5,0.02,0.0,0.01,0.02,0.04,0.67,0.08,0.04,0.03,0.09
2,2,0.01,0.02,0.83,0.08,0.01,0.0,0.02,0.01,0.02,0.0
2,2,0.01,0.0,0.94,0.0,0.0,0.0,0.03,0.02,0.0,0.0
7,7,0.0,0.01,0.04,0.12,0.08,0.03,0.01,0.43,0.03,0.25
0,0,0.61,0.0,0.04,0.02,0.01,0.25,0.03,0.03,0.0,0.01
1,1,0.0,0.96,0.01,0.03,0.0,0.0,0.0,0.0,0.0,0.0
4,4,0.0,0.0,0.0,0.0,0.96,0.01,0.0,0.02,0.01,0.0
2,2,0.05,0.01,0.68,0.03,0.01,0.01,0.03,0.0,0.17,0.01
1,1,0.0,1.0,0.0,0.0,0.0,0.0,0.0,0.0,0.0,0.0
9,9,0.0,0.0,0.0,0.01,0.08,0.01,0.0,0.0,0.01,0.89
8,8,0.02,0.06,0.02,0.02,0.0,0.03,0.06,0.0,0.79,0.0
1,1,0.0,1.0,0.0,0.0,0.0,0.0,0.0,0.0,0.0,0.0
2,2,0.01,0.06,0.62,0.06,0.0,0.01,0.09,0.11,0.04,0.0
8,8,0.04,0.0,0.04,0.04,0.01,0.0,0.01,0.01,0.8,0.05
7,7,0.0,0.01,0.03,0.01,0.04,0.01,0.0,0.89,0.0,0.01
6,6,0.0,0.0,0.0,0.0,0.03,0.01,0.95,0.0,0.01,0.0
1,1,0.0,0.94,0.01,0.0,0.0,0.0,0.01,0.0,0.02,0.02
2,2,0.02,0.02,0.63,0.08,0.12,0.0,0.01,0.01,0.06,0.05
1,1,0.01,0.68,0.08,0.02,0.02,0.02,0.02,0.02,0.13,0.0
6,6,0.0,0.0,0.02,0.0,0.0,0.01,0.94,0.0,0.03,0.0
6,6,0.03,0.0,0.03,0.0,0.07,0.0,0.86,0.0,0.01,0.0
5,5,0.0,0.04,0.0,0.06,0.01,0.77,0.01,0.01,0.08,0.02
4,4,0.01,0.0,0.02,0.0,0.81,0.01,0.02,0.01,0.08,0.04
3,3,0.0,0.05,0.06,0.55,0.01,0.22,0.0,0.01,0.05,0.05
1,1,0.0,0.99,0.0,0.0,0.0,0.0,0.0,0.0,0.01,0.0
0,0,0.61,0.0,0.09,0.01,0.07,0.06,0.1,0.02,0.01,0.03
2,2,0.0,0.01,0.54,0.01,0.19,0.06,0.06,0.04,0.07,0.02
5,5,0.0,0.0,0.04,0.11,0.07,0.53,0.06,0.02,0.14,0.03
6,6,0.14,0.02,0.07,0.0,0.22,0.04,0.29,0.09,0.05,0.08
7,7,0.0,0.0,0.0,0.0,0.0,0.0,0.0,1.0,0.0,0.0
2,2,0.01,0.06,0.72,0.04,0.01,0.03,0.04,0.03,0.06,0.0
1,1,0.0,0.91,0.03,0.01,0.0,0.01,0.0,0.02,0.01,0.01
5,5,0.0,0.01,0.0,0.01,0.01,0.92,0.01,0.0,0.03,0.01
2,2,0.01,0.01,0.82,0.03,0.02,0.01,0.08,0.0,0.02,0.0
4,4,0.01,0.0,0.01,0.01,0.9,0.03,0.01,0.01,0.0,0.02
7,7,0.0,0.0,0.05,0.01,0.01,0.0,0.0,0.92,0.0,0.01
3,3,0.0,0.09,0.03,0.46,0.09,0.15,0.01,0.08,0.03,0.06
4,4,0.01,0.0,0.05,0.0,0.86,0.0,0.02,0.01,0.01,0.04
6,6,0.07,0.02,0.13,0.02,0.1,0.1,0.36,0.01,0.16,0.03
9,9,0.01,0.01,0.02,0.03,0.09,0.06,0.03,0.14,0.07,0.54
6,6,0.04,0.0,0.05,0.01,0.18,0.02,0.53,0.08,0.03,0.06
2,2,0.03,0.02,0.61,0.08,0.03,0.01,0.01,0.08,0.06,0.07
4,4,0.0,0.0,0.04,0.02,0.84,0.01,0.0,0.03,0.02,0.04
0,0,0.89,0.0,0.03,0.01,0.01,0.03,0.0,0.01,0.01,0.01
6,6,0.0,0.0,0.01,0.01,0.17,0.01,0.74,0.0,0.04,0.02
1,1,0.0,1.0,0.0,0.0,0.0,0.0,0.0,0.0,0.0,0.0
7,7,0.0,0.0,0.0,0.0,0.02,0.0,0.0,0.95,0.0,0.03
1,1,0.0,0.95,0.04,0.0,0.0,0.0,0.0,0.0,0.01,0.0
9,9,0.0,0.0,0.0,0.0,0.01,0.0,0.0,0.04,0.0,0.95
0,0,1.0,0.0,0.0,0.0,0.0,0.0,0.0,0.0,0.0,0.0
6,6,0.0,0.0,0.01,0.01,0.01,0.06,0.88,0.0,0.03,0.0
1,1,0.01,0.71,0.02,0.04,0.01,0.05,0.02,0.09,0.01,0.04
4,4,0.0,0.0,0.02,0.03,0.87,0.0,0.03,0.02,0.0,0.03
8,8,0.0,0.02,0.03,0.09,0.0,0.01,0.01,0.01,0.82,0.01
8,8,0.0,0.07,0.02,0.08,0.0,0.06,0.06,0.02,0.64,0.05
5,5,0.13,0.01,0.02,0.28,0.01,0.46,0.0,0.03,0.04,0.02
4,4,0.0,0.0,0.02,0.03,0.83,0.02,0.02,0.04,0.01,0.03
8,8,0.0,0.05,0.08,0.09,0.0,0.01,0.03,0.05,0.66,0.03
6,6,0.0,0.0,0.01,0.01,0.0,0.02,0.94,0.0,0.01,0.01
6,6,0.01,0.0,0.0,0.0,0.08,0.0,0.86,0.0,0.01,0.04
6,6,0.02,0.0,0.02,0.0,0.02,0.02,0.88,0.0,0.03,0.01
3,3,0.01,0.0,0.02,0.9,0.0,0.06,0.0,0.0,0.0,0.01
5,4,0.07,0.03,0.02,0.01,0.26,0.14,0.1,0.19,0.11,0.07
6,6,0.01,0.0,0.02,0.0,0.03,0.02,0.92,0.0,0.0,0.0
6,6,0.0,0.02,0.02,0.0,0.03,0.01,0.92,0.0,0.0,0.0
6,6,0.04,0.0,0.07,0.01,0.06,0.0,0.8,0.0,0.02,0.0
7,7,0.0,0.0,0.0,0.01,0.0,0.0,0.0,0.98,0.0,0.01
8,8,0.01,0.06,0.04,0.08,0.02,0.08,0.04,0.02,0.64,0.01
6,6,0.08,0.0,0.03,0.13,0.01,0.24,0.29,0.01,0.19,0.02
4,4,0.0,0.0,0.01,0.02,0.88,0.01,0.03,0.0,0.0,0.05
3,3,0.0,0.0,0.02,0.86,0.02,0.04,0.01,0.01,0.01,0.03
8,8,0.03,0.03,0.07,0.03,0.07,0.04,0.02,0.01,0.65,0.05
6,6,0.0,0.01,0.06,0.03,0.03,0.04,0.82,0.0,0.01,0.0
2,2,0.0,0.01,0.93,0.01,0.0,0.02,0.01,0.0,0.02,0.0
2,8,0.16,0.03,0.19,0.07,0.04,0.17,0.08,0.02,0.23,0.01
0,0,1.0,0.0,0.0,0.0,0.0,0.0,0.0,0.0,0.0,0.0
1,1,0.0,0.92,0.01,0.0,0.0,0.01,0.01,0.01,0.03,0.01
6,6,0.0,0.0,0.01,0.0,0.0,0.0,0.94,0.0,0.05,0.0
0,0,0.99,0.0,0.0,0.0,0.0,0.0,0.0,0.0,0.0,0.01
7,7,0.0,0.01,0.01,0.08,0.01,0.0,0.01,0.84,0.0,0.04
7,7,0.0,0.0,0.0,0.0,0.0,0.0,0.0,1.0,0.0,0.0
1,1,0.0,0.99,0.01,0.0,0.0,0.0,0.0,0.0,0.0,0.0
6,6,0.12,0.0,0.02,0.06,0.07,0.18,0.41,0.01,0.13,0.0
0,6,0.1,0.05,0.21,0.06,0.15,0.09,0.23,0.03,0.04,0.04
5,5,0.13,0.01,0.04,0.05,0.04,0.57,0.04,0.03,0.04,0.05
8,8,0.0,0.07,0.01,0.1,0.02,0.01,0.02,0.02,0.7,0.05
2,2,0.05,0.0,0.61,0.04,0.03,0.06,0.07,0.01,0.1,0.03
4,4,0.05,0.0,0.01,0.01,0.62,0.06,0.11,0.05,0.02,0.07
7,7,0.05,0.0,0.0,0.01,0.0,0.02,0.01,0.88,0.01,0.02
1,1,0.0,0.97,0.0,0.01,0.0,0.0,0.0,0.0,0.0,0.02
3,3,0.01,0.02,0.02,0.74,0.03,0.09,0.01,0.0,0.03,0.05
7,7,0.0,0.0,0.0,0.02,0.0,0.0,0.0,0.97,0.01,0.0
3,3,0.01,0.02,0.1,0.61,0.0,0.16,0.05,0.01,0.02,0.02
7,7,0.01,0.01,0.02,0.01,0.02,0.02,0.0,0.88,0.0,0.03
2,2,0.01,0.01,0.81,0.01,0.02,0.0,0.01,0.02,0.11,0.0
4,4,0.0,0.01,0.0,0.0,0.98,0.0,0.0,0.0,0.0,0.01
9,9,0.01,0.0,0.0,0.04,0.06,0.0,0.01,0.07,0.0,0.81
3,3,0.0,0.01,0.13,0.71,0.01,0.07,0.02,0.0,0.04,0.01
9,9,0.0,0.01,0.04,0.01,0.24,0.01,0.01,0.07,0.03,0.58
0,0,0.88,0.01,0.02,0.01,0.0,0.01,0.03,0.01,0.03,0.0
4,4,0.02,0.0,0.04,0.0,0.73,0.01,0.04,0.04,0.06,0.06
8,8,0.0,0.01,0.01,0.01,0.02,0.06,0.02,0.07,0.63,0.17
0,0,0.8,0.0,0.01,0.03,0.0,0.05,0.03,0.0,0.04,0.04
6,6,0.0,0.02,0.02,0.0,0.04,0.03,0.85,0.0,0.03,0.01
9,9,0.0,0.0,0.0,0.0,0.03,0.0,0.0,0.04,0.05,0.88
5,5,0.04,0.0,0.02,0.14,0.0,0.67,0.03,0.03,0.05,0.02
1,1,0.0,1.0,0.0,0.0,0.0,0.0,0.0,0.0,0.0,0.0
6,6,0.01,0.0,0.03,0.02,0.01,0.01,0.92,0.0,0.0,0.0
1,1,0.0,1.0,0.0,0.0,0.0,0.0,0.0,0.0,0.0,0.0
3,3,0.0,0.01,0.01,0.92,0.0,0.02,0.0,0.0,0.04,0.0
5,5,0.01,0.0,0.0,0.23,0.01,0.6,0.02,0.03,0.06,0.04
2,2,0.0,0.02,0.9,0.0,0.01,0.0,0.05,0.01,0.01,0.0
1,1,0.0,0.99,0.0,0.0,0.0,0.01,0.0,0.0,0.0,0.0
6,6,0.03,0.01,0.02,0.08,0.03,0.25,0.33,0.0,0.21,0.04
4,4,0.0,0.0,0.0,0.01,0.75,0.0,0.0,0.03,0.04,0.17
6,6,0.09,0.01,0.11,0.0,0.05,0.01,0.63,0.0,0.07,0.03
8,8,0.0,0.01,0.01,0.01,0.01,0.0,0.0,0.02,0.87,0.07
6,6,0.04,0.0,0.02,0.03,0.04,0.04,0.66,0.06,0.05,0.06
7,7,0.0,0.02,0.0,0.0,0.01,0.0,0.0,0.94,0.0,0.03
0,0,0.91,0.0,0.0,0.01,0.01,0.04,0.01,0.01,0.0,0.01
0,0,0.33,0.0,0.06,0.06,0.04,0.07,0.22,0.06,0.08,0.08
7,7,0.0,0.0,0.0,0.01,0.0,0.01,0.0,0.93,0.02,0.03
6,6,0.02,0.0,0.07,0.01,0.03,0.0,0.82,0.0,0.04,0.01
7,7,0.05,0.0,0.0,0.03,0.02,0.03,0.02,0.8,0.0,0.05
6,6,0.0,0.0,0.02,0.0,0.01,0.01,0.95,0.0,0.01,0.0
5,5,0.02,0.01,0.02,0.07,0.03,0.8,0.01,0.0,0.03,0.01
2,2,0.0,0.06,0.9,0.02,0.0,0.01,0.0,0.01,0.0,0.0
1,1,0.0,1.0,0.0,0.0,0.0,0.0,0.0,0.0,0.0,0.0
7,7,0.0,0.0,0.0,0.0,0.0,0.0,0.0,1.0,0.0,0.0
6,6,0.01,0.0,0.0,0.0,0.0,0.0,0.98,0.0,0.01,0.0
3,3,0.01,0.06,0.04,0.5,0.02,0.08,0.0,0.09,0.14,0.06
7,7,0.0,0.02,0.02,0.02,0.02,0.0,0.02,0.85,0.02,0.03
2,2,0.0,0.01,0.97,0.01,0.01,0.0,0.0,0.0,0.0,0.0
3,3,0.04,0.0,0.0,0.82,0.01,0.1,0.01,0.02,0.0,0.0
5,5,0.0,0.02,0.0,0.0,0.01,0.93,0.02,0.0,0.01,0.01
9,1,0.0,0.23,0.02,0.06,0.15,0.11,0.07,0.06,0.13,0.17
2,2,0.07,0.01,0.55,0.03,0.06,0.03,0.08,0.01,0.13,0.03
3,3,0.02,0.02,0.06,0.75,0.03,0.04,0.04,0.0,0.04,0.0
5,5,0.08,0.04,0.05,0.1,0.01,0.62,0.03,0.01,0.06,0.0
7,7,0.0,0.14,0.04,0.21,0.01,0.0,0.01,0.39,0.17,0.03
8,8,0.06,0.0,0.11,0.08,0.01,0.09,0.01,0.0,0.6,0.04
7,7,0.0,0.0,0.01,0.02,0.01,0.02,0.0,0.92,0.0,0.02
5,5,0.01,0.0,0.0,0.05,0.03,0.86,0.0,0.0,0.05,0.0
8,8,0.03,0.03,0.04,0.24,0.03,0.09,0.02,0.0,0.49,0.03
4,4,0.0,0.06,0.03,0.04,0.32,0.05,0.05,0.05,0.2,0.2
9,9,0.03,0.0,0.04,0.06,0.08,0.06,0.0,0.17,0.03,0.53
0,0,0.93,0.0,0.0,0.02,0.0,0.02,0.0,0.0,0.02,0.01
8,8,0.01,0.04,0.06,0.09,0.01,0.06,0.09,0.06,0.53,0.05
3,3,0.02,0.01,0.25,0.47,0.01,0.1,0.01,0.02,0.11,0.0
0,0,0.96,0.0,0.01,0.0,0.0,0.02,0.0,0.0,0.0,0.01
4,4,0.01,0.0,0.01,0.04,0.8,0.03,0.01,0.04,0.03,0.03
4,4,0.0,0.0,0.0,0.01,0.96,0.0,0.0,0.0,0.0,0.03
9,9,0.01,0.0,0.03,0.0,0.07,0.15,0.0,0.03,0.01,0.7
8,8,0.01,0.0,0.04,0.03,0.11,0.01,0.05,0.03,0.67,0.05
1,1,0.0,0.99,0.0,0.01,0.0,0.0,0.0,0.0,0.0,0.0
1,1,0.0,1.0,0.0,0.0,0.0,0.0,0.0,0.0,0.0,0.0
7,7,0.0,0.0,0.0,0.0,0.0,0.0,0.0,0.99,0.0,0.01
2,2,0.0,0.0,0.95,0.01,0.03,0.01,0.0,0.0,0.0,0.0
0,0,0.9,0.01,0.01,0.0,0.01,0.06,0.0,0.01,0.0,0.0
8,8,0.06,0.0,0.07,0.01,0.03,0.04,0.06,0.02,0.69,0.02
6,6,0.01,0.01,0.0,0.01,0.08,0.03,0.85,0.0,0.01,0.0
4,4,0.02,0.0,0.03,0.0,0.7,0.04,0.02,0.03,0.02,0.14
2,2,0.0,0.11,0.4,0.1,0.01,0.01,0.07,0.2,0.07,0.03
2,2,0.01,0.01,0.75,0.01,0.09,0.0,0.05,0.04,0.01,0.03
8,8,0.01,0.01,0.0,0.02,0.01,0.02,0.01,0.02,0.87,0.03
3,3,0.1,0.01,0.16,0.32,0.02,0.13,0.1,0.06,0.06,0.04
3,3,0.06,0.02,0.04,0.53,0.0,0.13,0.05,0.02,0.12,0.03
5,5,0.02,0.01,0.01,0.18,0.16,0.2,0.01,0.09,0.12,0.2
7,7,0.0,0.0,0.01,0.03,0.0,0.02,0.01,0.89,0.0,0.04
2,2,0.01,0.01,0.3,0.05,0.03,0.05,0.1,0.15,0.1,0.2
2,3,0.04,0.02,0.08,0.57,0.03,0.1,0.04,0.01,0.07,0.04
1,1,0.0,0.66,0.08,0.08,0.02,0.02,0.0,0.11,0.03,0.0
1,1,0.0,0.94,0.03,0.01,0.01,0.0,0.01,0.0,0.0,0.0
9,9,0.01,0.0,0.02,0.22,0.15,0.18,0.01,0.09,0.02,0.3
1,1,0.0,0.69,0.08,0.03,0.02,0.02,0.05,0.09,0.02,0.0
9,9,0.01,0.0,0.02,0.02,0.14,0.03,0.0,0.02,0.01,0.75
5,5,0.0,0.0,0.01,0.07,0.0,0.86,0.02,0.0,0.03,0.01
0,0,0.49,0.0,0.05,0.1,0.04,0.12,0.1,0.02,0.08,0.0
3,3,0.02,0.03,0.09,0.46,0.02,0.24,0.01,0.01,0.1,0.02
1,1,0.0,1.0,0.0,0.0,0.0,0.0,0.0,0.0,0.0,0.0
6,6,0.01,0.0,0.02,0.0,0.0,0.02,0.94,0.0,0.01,0.0
6,6,0.07,0.01,0.06,0.01,0.05,0.04,0.69,0.02,0.04,0.01
8,3,0.22,0.01,0.08,0.27,0.0,0.13,0.01,0.0,0.24,0.04
4,4,0.01,0.0,0.0,0.0,0.96,0.0,0.0,0.02,0.01,0.0
8,8,0.0,0.13,0.13,0.07,0.01,0.06,0.16,0.01,0.42,0.01
2,2,0.0,0.0,0.9,0.01,0.05,0.01,0.03,0.0,0.0,0.0
6,6,0.05,0.0,0.1,0.02,0.06,0.03,0.69,0.0,0.03,0.02
5,5,0.0,0.01,0.02,0.1,0.0,0.86,0.0,0.0,0.01,0.0
7,7,0.01,0.0,0.03,0.03,0.03,0.05,0.02,0.71,0.04,0.08
0,0,0.84,0.0,0.0,0.03,0.01,0.05,0.01,0.02,0.02,0.02
1,1,0.0,0.99,0.01,0.0,0.0,0.0,0.0,0.0,0.0,0.0
3,3,0.02,0.06,0.02,0.57,0.06,0.12,0.02,0.03,0.05,0.05
2,2,0.02,0.01,0.4,0.1,0.04,0.05,0.01,0.34,0.02,0.01
3,3,0.14,0.0,0.09,0.47,0.03,0.09,0.07,0.0,0.09,0.02
5,5,0.04,0.0,0.01,0.19,0.02,0.42,0.06,0.02,0.15,0.09
3,3,0.0,0.01,0.04,0.74,0.0,0.07,0.03,0.01,0.1,0.0
9,9,0.0,0.0,0.0,0.09,0.12,0.03,0.0,0.1,0.03,0.63
6,6,0.0,0.0,0.0,0.0,0.0,0.0,1.0,0.0,0.0,0.0
4,4,0.01,0.04,0.01,0.05,0.29,0.02,0.03,0.22,0.06,0.27
1,1,0.0,1.0,0.0,0.0,0.0,0.0,0.0,0.0,0.0,0.0
3,3,0.03,0.0,0.01,0.9,0.0,0.03,0.0,0.0,0.03,0.0
7,7,0.03,0.0,0.18,0.05,0.13,0.01,0.04,0.34,0.08,0.14
2,2,0.01,0.0,0.91,0.0,0.03,0.02,0.02,0.0,0.0,0.01
8,8,0.05,0.01,0.07,0.08,0.04,0.13,0.01,0.0,0.59,0.02
3,3,0.01,0.03,0.07,0.73,0.03,0.04,0.03,0.0,0.04,0.02
9,9,0.0,0.0,0.0,0.0,0.02,0.0,0.0,0.01,0.0,0.97
9,9,0.0,0.02,0.01,0.03,0.05,0.0,0.0,0.06,0.03,0.8
9,0,0.39,0.01,0.06,0.02,0.12,0.04,0.09,0.01,0.04,0.22
9,9,0.01,0.0,0.0,0.0,0.04,0.03,0.03,0.04,0.01,0.84
5,5,0.09,0.0,0.11,0.02,0.0,0.35,0.04,0.02,0.32,0.05
5,5,0.1,0.02,0.02,0.17,0.03,0.56,0.02,0.03,0.01,0.04
7,7,0.0,0.01,0.02,0.02,0.01,0.0,0.0,0.86,0.05,0.03
6,6,0.03,0.01,0.06,0.01,0.05,0.02,0.78,0.0,0.0,0.04
4,4,0.0,0.0,0.01,0.02,0.93,0.0,0.01,0.0,0.0,0.03
9,4,0.03,0.03,0.03,0.1,0.48,0.07,0.02,0.09,0.03,0.12
2,2,0.1,0.02,0.64,0.05,0.01,0.06,0.01,0.03,0.06,0.02
6,6,0.0,0.01,0.01,0.0,0.01,0.03,0.93,0.0,0.0,0.01
7,7,0.0,0.0,0.02,0.01,0.0,0.0,0.0,0.95,0.0,0.02
1,1,0.0,0.9,0.02,0.03,0.01,0.0,0.0,0.02,0.02,0.0
6,6,0.04,0.01,0.09,0.02,0.05,0.03,0.52,0.0,0.2,0.04
3,3,0.02,0.0,0.01,0.7,0.04,0.12,0.03,0.01,0.06,0.01
6,6,0.02,0.02,0.07,0.01,0.03,0.01,0.81,0.0,0.02,0.01
8,8,0.0,0.01,0.02,0.04,0.01,0.03,0.02,0.02,0.76,0.09
2,2,0.01,0.06,0.67,0.12,0.0,0.01,0.02,0.05,0.03,0.03
2,2,0.0,0.0,0.98,0.0,0.0,0.0,0.0,0.01,0.01,0.0
9,9,0.01,0.0,0.01,0.02,0.1,0.08,0.01,0.09,0.02,0.66
4,4,0.05,0.0,0.11,0.01,0.29,0.06,0.06,0.02,0.25,0.15
4,4,0.0,0.11,0.06,0.02,0.44,0.03,0.04,0.07,0.1,0.13
4,4,0.01,0.0,0.0,0.0,0.82,0.04,0.0,0.06,0.0,0.07
3,3,0.01,0.0,0.0,0.96,0.0,0.02,0.01,0.0,0.0,0.0
0,0,0.89,0.0,0.04,0.01,0.0,0.03,0.02,0.0,0.0,0.01
9,9,0.02,0.01,0.01,0.0,0.01,0.02,0.0,0.15,0.0,0.78
3,3,0.01,0.0,0.02,0.85,0.02,0.05,0.01,0.0,0.02,0.02
5,5,0.01,0.02,0.02,0.19,0.03,0.51,0.04,0.01,0.02,0.15
3,3,0.0,0.09,0.1,0.62,0.01,0.02,0.02,0.03,0.08,0.03
1,1,0.0,0.93,0.01,0.03,0.0,0.0,0.01,0.02,0.0,0.0
1,1,0.0,0.73,0.04,0.07,0.02,0.02,0.06,0.02,0.03,0.01
1,1,0.0,0.88,0.02,0.01,0.01,0.0,0.01,0.01,0.06,0.0
8,8,0.01,0.0,0.01,0.0,0.01,0.1,0.03,0.0,0.8,0.04
4,4,0.0,0.0,0.0,0.01,0.94,0.02,0.0,0.0,0.0,0.03
0,0,0.9,0.0,0.0,0.03,0.0,0.04,0.01,0.0,0.02,0.0
8,8,0.01,0.0,0.06,0.04,0.05,0.08,0.03,0.0,0.7,0.03
7,7,0.01,0.0,0.0,0.01,0.0,0.0,0.0,0.98,0.0,0.0
4,4,0.05,0.0,0.17,0.0,0.5,0.05,0.12,0.02,0.03,0.06
0,0,0.99,0.0,0.0,0.0,0.0,0.01,0.0,0.0,0.0,0.0
1,1,0.0,0.99,0.0,0.0,0.0,0.01,0.0,0.0,0.0,0.0
1,1,0.0,0.92,0.03,0.02,0.0,0.0,0.0,0.0,0.03,0.0
8,8,0.02,0.0,0.07,0.0,0.02,0.06,0.02,0.0,0.73,0.08
9,9,0.01,0.0,0.01,0.01,0.04,0.02,0.0,0.01,0.0,0.9
9,9,0.0,0.25,0.03,0.09,0.02,0.04,0.04,0.1,0.08,0.35
3,3,0.0,0.0,0.0,0.97,0.01,0.01,0.0,0.0,0.0,0.01
7,7,0.0,0.0,0.0,0.0,0.0,0.0,0.0,1.0,0.0,0.0
0,0,0.98,0.0,0.0,0.0,0.01,0.01,0.0,0.0,0.0,0.0
7,7,0.02,0.03,0.03,0.15,0.04,0.13,0.0,0.55,0.01,0.04
3,8,0.01,0.04,0.11,0.32,0.01,0.04,0.01,0.05,0.38,0.03
1,1,0.0,0.98,0.0,0.0,0.0,0.01,0.0,0.0,0.01,0.0
1,1,0.0,0.99,0.0,0.0,0.0,0.0,0.0,0.0,0.01,0.0
2,2,0.0,0.0,0.93,0.0,0.0,0.01,0.02,0.01,0.02,0.01
6,6,0.02,0.0,0.05,0.01,0.06,0.0,0.83,0.01,0.02,0.0
4,4,0.0,0.02,0.01,0.09,0.67,0.02,0.05,0.04,0.03,0.07
1,1,0.0,0.94,0.01,0.01,0.0,0.0,0.01,0.01,0.0,0.02
6,6,0.0,0.0,0.06,0.02,0.05,0.01,0.78,0.0,0.07,0.01
2,2,0.06,0.01,0.89,0.02,0.0,0.01,0.01,0.0,0.0,0.0
9,9,0.01,0.0,0.03,0.13,0.07,0.02,0.02,0.08,0.03,0.61
6,6,0.1,0.0,0.09,0.04,0.11,0.22,0.26,0.01,0.17,0.0
4,4,0.0,0.0,0.0,0.0,0.99,0.01,0.0,0.0,0.0,0.0
0,0,0.96,0.0,0.02,0.02,0.0,0.0,0.0,0.0,0.0,0.0
6,6,0.01,0.0,0.01,0.0,0.01,0.01,0.95,0.0,0.01,0.0
3,3,0.02,0.02,0.01,0.8,0.0,0.1,0.0,0.01,0.03,0.01
9,9,0.0,0.0,0.0,0.01,0.02,0.0,0.0,0.01,0.0,0.96
5,5,0.01,0.02,0.01,0.01,0.01,0.85,0.02,0.02,0.03,0.02
7,7,0.01,0.01,0.0,0.04,0.01,0.0,0.0,0.92,0.01,0.0
1,1,0.0,0.99,0.0,0.0,0.0,0.0,0.0,0.0,0.0,0.01
2,2,0.0,0.04,0.93,0.02,0.0,0.0,0.0,0.0,0.01,0.0
3,3,0.02,0.0,0.01,0.84,0.01,0.09,0.0,0.01,0.01,0.01
6,6,0.0,0.01,0.02,0.02,0.04,0.06,0.77,0.02,0.05,0.01
3,3,0.0,0.0,0.0,0.97,0.0,0.0,0.0,0.0,0.03,0.0
5,5,0.07,0.02,0.01,0.06,0.01,0.61,0.11,0.01,0.07,0.03
0,0,0.97,0.0,0.0,0.0,0.0,0.02,0.01,0.0,0.0,0.0
1,1,0.0,0.97,0.0,0.0,0.01,0.0,0.0,0.0,0.02,0.0
7,7,0.0,0.01,0.01,0.02,0.01,0.0,0.0,0.92,0.01,0.02
7,7,0.0,0.0,0.0,0.0,0.0,0.0,0.0,1.0,0.0,0.0
3,3,0.02,0.0,0.02,0.9,0.0,0.05,0.0,0.0,0.01,0.0
4,4,0.02,0.0,0.0,0.0,0.79,0.03,0.02,0.05,0.05,0.04
0,0,0.52,0.0,0.03,0.04,0.05,0.05,0.1,0.05,0.11,0.05
9,9,0.0,0.0,0.0,0.01,0.02,0.0,0.0,0.0,0.0,0.97
6,6,0.21,0.0,0.04,0.06,0.01,0.12,0.42,0.04,0.05,0.05
2,2,0.03,0.01,0.52,0.05,0.06,0.0,0.22,0.1,0.0,0.01
1,1,0.0,0.94,0.03,0.02,0.0,0.0,0.0,0.0,0.01,0.0
8,8,0.01,0.02,0.02,0.03,0.08,0.05,0.04,0.04,0.68,0.03
6,6,0.0,0.01,0.0,0.0,0.01,0.0,0.98,0.0,0.0,0.0
2,2,0.0,0.02,0.85,0.04,0.0,0.02,0.02,0.0,0.05,0.0
8,8,0.0,0.01,0.04,0.03,0.03,0.04,0.03,0.07,0.72,0.03
4,4,0.0,0.0,0.0,0.0,0.97,0.0,0.0,0.0,0.01,0.02
9,9,0.0,0.02,0.0,0.09,0.22,0.06,0.01,0.02,0.04,0.54
2,2,0.04,0.0,0.77,0.03,0.0,0.01,0.01,0.0,0.13,0.01
3,3,0.0,0.0,0.0,0.98,0.0,0.01,0.01,0.0,0.0,0.0
1,1,0.0,0.82,0.01,0.01,0.01,0.04,0.0,0.02,0.04,0.05
6,6,0.0,0.0,0.05,0.0,0.0,0.01,0.89,0.0,0.05,0.0
1,1,0.0,1.0,0.0,0.0,0.0,0.0,0.0,0.0,0.0,0.0
6,6,0.02,0.0,0.0,0.02,0.02,0.13,0.76,0.0,0.03,0.02
3,3,0.0,0.0,0.01,0.92,0.0,0.05,0.0,0.0,0.02,0.0
6,6,0.01,0.0,0.05,0.0,0.02,0.01,0.88,0.0,0.02,0.01
7,7,0.01,0.01,0.04,0.04,0.0,0.03,0.0,0.86,0.0,0.01
2,2,0.0,0.01,0.94,0.0,0.01,0.0,0.0,0.0,0.03,0.01
4,4,0.0,0.0,0.0,0.0,0.93,0.0,0.0,0.02,0.02,0.03
5,5,0.01,0.0,0.1,0.04,0.1,0.53,0.03,0.04,0.04,0.11
0,0,0.94,0.0,0.01,0.01,0.0,0.02,0.01,0.0,0.01,0.0
4,4,0.0,0.0,0.0,0.0,0.59,0.0,0.0,0.04,0.0,0.37
3,3,0.04,0.01,0.02,0.67,0.01,0.2,0.01,0.0,0.04,0.0
8,8,0.03,0.0,0.05,0.06,0.06,0.02,0.08,0.0,0.65,0.05
4,2,0.2,0.0,0.24,0.0,0.22,0.03,0.13,0.0,0.13,0.05
1,1,0.0,0.99,0.0,0.0,0.01,0.0,0.0,0.0,0.0,0.0
2,2,0.01,0.0,0.46,0.13,0.01,0.0,0.12,0.16,0.06,0.05
4,4,0.0,0.02,0.02,0.0,0.47,0.01,0.0,0.06,0.06,0.36
0,0,0.99,0.0,0.0,0.0,0.0,0.0,0.01,0.0,0.0,0.0
4,4,0.0,0.0,0.01,0.04,0.67,0.0,0.02,0.07,0.09,0.1
1,1,0.02,0.33,0.17,0.05,0.04,0.01,0.16,0.02,0.19,0.01
8,8,0.04,0.0,0.02,0.04,0.03,0.02,0.03,0.03,0.76,0.03
0,0,0.99,0.0,0.0,0.0,0.0,0.0,0.01,0.0,0.0,0.0
5,5,0.14,0.01,0.03,0.25,0.0,0.38,0.11,0.0,0.06,0.02
6,6,0.0,0.01,0.04,0.01,0.04,0.01,0.88,0.0,0.01,0.0
1,1,0.0,0.99,0.0,0.01,0.0,0.0,0.0,0.0,0.0,0.0
3,3,0.03,0.0,0.19,0.45,0.08,0.05,0.01,0.01,0.15,0.03
0,0,0.94,0.0,0.01,0.0,0.02,0.01,0.02,0.0,0.0,0.0
4,9,0.0,0.17,0.01,0.08,0.23,0.08,0.02,0.03,0.09,0.29
8,8,0.02,0.02,0.11,0.01,0.04,0.06,0.1,0.01,0.57,0.06
9,9,0.04,0.01,0.08,0.04,0.23,0.03,0.05,0.02,0.1,0.4
3,3,0.0,0.02,0.04,0.7,0.05,0.14,0.01,0.0,0.02,0.02
8,8,0.02,0.0,0.07,0.09,0.0,0.04,0.0,0.0,0.77,0.01
1,1,0.0,1.0,0.0,0.0,0.0,0.0,0.0,0.0,0.0,0.0
1,1,0.01,0.59,0.05,0.04,0.06,0.09,0.04,0.03,0.08,0.01
4,4,0.0,0.0,0.08,0.0,0.67,0.03,0.1,0.02,0.08,0.02
0,0,0.49,0.01,0.05,0.1,0.03,0.17,0.04,0.03,0.05,0.03
8,8,0.01,0.0,0.06,0.01,0.0,0.02,0.0,0.05,0.84,0.01
5,5,0.03,0.01,0.07,0.09,0.02,0.45,0.06,0.08,0.14,0.05
4,4,0.01,0.0,0.0,0.02,0.52,0.01,0.14,0.07,0.07,0.16
3,3,0.02,0.04,0.0,0.67,0.01,0.22,0.04,0.0,0.0,0.0
7,7,0.0,0.0,0.0,0.0,0.0,0.01,0.0,0.99,0.0,0.0
0,0,0.99,0.01,0.0,0.0,0.0,0.0,0.0,0.0,0.0,0.0
3,3,0.0,0.01,0.0,0.78,0.0,0.15,0.0,0.01,0.04,0.01
2,2,0.01,0.0,0.96,0.0,0.0,0.0,0.01,0.0,0.02,0.0
8,8,0.07,0.01,0.03,0.07,0.04,0.05,0.03,0.02,0.66,0.02
4,4,0.02,0.0,0.07,0.0,0.78,0.01,0.03,0.0,0.05,0.04
0,0,0.81,0.0,0.01,0.02,0.0,0.04,0.06,0.01,0.04,0.01
1,1,0.0,0.99,0.0,0.0,0.0,0.0,0.01,0.0,0.0,0.0
0,0,0.76,0.0,0.02,0.06,0.01,0.09,0.01,0.01,0.02,0.02
0,0,0.97,0.0,0.01,0.0,0.0,0.0,0.0,0.0,0.02,0.0
8,8,0.01,0.02,0.12,0.04,0.07,0.06,0.06,0.01,0.54,0.07
6,6,0.02,0.0,0.04,0.0,0.0,0.03,0.9,0.0,0.0,0.01
1,1,0.0,1.0,0.0,0.0,0.0,0.0,0.0,0.0,0.0,0.0
9,9,0.0,0.0,0.0,0.01,0.05,0.01,0.0,0.14,0.01,0.78
3,3,0.02,0.04,0.03,0.64,0.08,0.07,0.01,0.03,0.03,0.05
8,8,0.01,0.04,0.02,0.09,0.0,0.07,0.0,0.06,0.64,0.07
4,4,0.0,0.01,0.02,0.0,0.91,0.01,0.02,0.01,0.01,0.01
5,5,0.06,0.04,0.02,0.05,0.01,0.64,0.02,0.01,0.12,0.03
5,5,0.02,0.0,0.0,0.02,0.01,0.88,0.0,0.01,0.01,0.05
5,5,0.0,0.01,0.01,0.18,0.04,0.6,0.03,0.01,0.07,0.05
1,1,0.01,0.87,0.0,0.05,0.02,0.03,0.01,0.0,0.01,0.0
5,5,0.15,0.01,0.04,0.02,0.06,0.35,0.11,0.08,0.09,0.09
1,1,0.0,1.0,0.0,0.0,0.0,0.0,0.0,0.0,0.0,0.0
8,9,0.14,0.01,0.12,0.01,0.16,0.07,0.07,0.09,0.08,0.25
2,2,0.02,0.07,0.5,0.05,0.0,0.06,0.07,0.07,0.14,0.02
5,5,0.04,0.0,0.02,0.06,0.0,0.65,0.07,0.0,0.16,0.0
1,1,0.0,1.0,0.0,0.0,0.0,0.0,0.0,0.0,0.0,0.0
2,2,0.0,0.03,0.7,0.09,0.01,0.02,0.01,0.07,0.06,0.01
0,0,0.31,0.02,0.06,0.09,0.1,0.23,0.01,0.07,0.06,0.05
3,3,0.0,0.0,0.0,0.99,0.0,0.01,0.0,0.0,0.0,0.0
1,1,0.0,1.0,0.0,0.0,0.0,0.0,0.0,0.0,0.0,0.0
2,2,0.06,0.03,0.6,0.07,0.02,0.09,0.07,0.01,0.04,0.01
8,8,0.03,0.01,0.12,0.29,0.05,0.09,0.04,0.0,0.35,0.02
0,0,0.96,0.0,0.0,0.0,0.01,0.02,0.0,0.0,0.01,0.0
2,2,0.0,0.02,0.93,0.04,0.0,0.0,0.0,0.01,0.0,0.0
7,7,0.0,0.0,0.0,0.0,0.0,0.0,0.0,1.0,0.0,0.0
6,6,0.0,0.01,0.0,0.0,0.02,0.02,0.93,0.0,0.02,0.0
3,3,0.0,0.03,0.04,0.47,0.04,0.09,0.02,0.13,0.06,0.12
7,1,0.0,0.48,0.02,0.05,0.01,0.01,0.0,0.33,0.04,0.06
6,6,0.0,0.0,0.02,0.0,0.01,0.01,0.96,0.0,0.0,0.0
1,1,0.0,0.85,0.06,0.01,0.0,0.05,0.01,0.01,0.0,0.01
8,8,0.0,0.03,0.01,0.03,0.09,0.02,0.04,0.03,0.73,0.02
6,6,0.0,0.0,0.0,0.01,0.0,0.01,0.97,0.0,0.0,0.01
5,5,0.01,0.01,0.04,0.13,0.0,0.39,0.08,0.01,0.3,0.03
4,4,0.0,0.01,0.0,0.01,0.98,0.0,0.0,0.0,0.0,0.0
5,5,0.01,0.0,0.01,0.17,0.05,0.69,0.01,0.0,0.02,0.04
8,8,0.09,0.01,0.12,0.13,0.09,0.1,0.13,0.02,0.22,0.09
5,5,0.01,0.04,0.01,0.07,0.05,0.51,0.08,0.07,0.11,0.05
6,6,0.01,0.0,0.01,0.0,0.0,0.03,0.92,0.0,0.02,0.01
2,2,0.0,0.0,0.93,0.02,0.0,0.01,0.0,0.0,0.04,0.0
9,9,0.03,0.0,0.0,0.01,0.02,0.0,0.01,0.04,0.07,0.82
0,0,0.84,0.0,0.0,0.03,0.01,0.04,0.02,0.0,0.04,0.02
9,9,0.03,0.0,0.04,0.02,0.19,0.05,0.02,0.05,0.04,0.56
1,1,0.0,1.0,0.0,0.0,0.0,0.0,0.0,0.0,0.0,0.0
3,3,0.06,0.05,0.09,0.38,0.01,0.24,0.04,0.11,0.01,0.01
8,8,0.0,0.0,0.03,0.02,0.02,0.02,0.01,0.05,0.67,0.18
9,9,0.01,0.0,0.05,0.0,0.24,0.02,0.12,0.16,0.02,0.38
1,1,0.0,0.92,0.01,0.0,0.0,0.0,0.07,0.0,0.0,0.0
0,0,0.95,0.0,0.0,0.01,0.0,0.01,0.02,0.0,0.0,0.01
6,6,0.05,0.0,0.06,0.03,0.04,0.04,0.71,0.03,0.04,0.0
1,1,0.0,0.88,0.03,0.01,0.01,0.0,0.0,0.02,0.05,0.0
3,3,0.0,0.0,0.06,0.82,0.02,0.04,0.0,0.0,0.05,0.01
2,2,0.15,0.01,0.23,0.18,0.03,0.14,0.01,0.01,0.23,0.01
3,3,0.01,0.0,0.0,0.93,0.02,0.01,0.0,0.01,0.01,0.01
7,7,0.03,0.0,0.0,0.01,0.1,0.01,0.03,0.72,0.0,0.1
8,8,0.02,0.0,0.03,0.0,0.05,0.04,0.01,0.04,0.71,0.1
9,9,0.0,0.0,0.0,0.02,0.17,0.02,0.0,0.2,0.03,0.56
4,4,0.04,0.0,0.1,0.05,0.43,0.06,0.05,0.11,0.03,0.13
7,7,0.0,0.0,0.03,0.04,0.02,0.0,0.0,0.81,0.0,0.1
7,7,0.01,0.01,0.05,0.0,0.01,0.0,0.0,0.92,0.0,0.0
0,0,1.0,0.0,0.0,0.0,0.0,0.0,0.0,0.0,0.0,0.0
8,8,0.0,0.0,0.0,0.01,0.01,0.0,0.0,0.0,0.95,0.03
7,7,0.0,0.01,0.0,0.01,0.0,0.0,0.0,0.95,0.0,0.03
8,8,0.01,0.03,0.05,0.03,0.02,0.02,0.01,0.0,0.83,0.0
2,2,0.01,0.08,0.54,0.03,0.11,0.07,0.07,0.01,0.07,0.01
7,7,0.0,0.01,0.01,0.01,0.01,0.0,0.0,0.92,0.02,0.02
8,8,0.03,0.0,0.09,0.05,0.02,0.06,0.01,0.0,0.72,0.02
0,0,0.88,0.01,0.01,0.0,0.01,0.0,0.05,0.01,0.01,0.02
6,6,0.0,0.01,0.0,0.01,0.01,0.0,0.96,0.0,0.01,0.0
5,5,0.02,0.01,0.04,0.18,0.05,0.57,0.01,0.01,0.09,0.02
3,3,0.01,0.01,0.05,0.8,0.0,0.05,0.0,0.02,0.04,0.02
5,5,0.1,0.01,0.06,0.09,0.02,0.43,0.19,0.01,0.08,0.01
8,9,0.0,0.05,0.0,0.04,0.01,0.09,0.02,0.06,0.32,0.41
7,7,0.02,0.0,0.01,0.02,0.01,0.0,0.0,0.94,0.0,0.0
7,7,0.0,0.0,0.0,0.01,0.02,0.0,0.0,0.95,0.0,0.02
8,8,0.0,0.02,0.02,0.04,0.01,0.13,0.01,0.01,0.73,0.03
8,8,0.0,0.09,0.15,0.06,0.04,0.03,0.06,0.07,0.44,0.06
3,3,0.0,0.0,0.01,0.86,0.0,0.04,0.0,0.0,0.06,0.03
4,4,0.0,0.03,0.0,0.04,0.53,0.09,0.03,0.08,0.08,0.12
1,1,0.0,0.99,0.0,0.0,0.0,0.0,0.0,0.0,0.01,0.0
3,3,0.02,0.01,0.06,0.56,0.02,0.04,0.06,0.03,0.2,0.0
5,5,0.0,0.0,0.0,0.01,0.0,0.9,0.01,0.0,0.08,0.0
0,0,0.83,0.01,0.02,0.06,0.0,0.03,0.0,0.0,0.01,0.04
9,9,0.0,0.0,0.01,0.0,0.11,0.0,0.0,0.13,0.0,0.75
4,4,0.0,0.0,0.1,0.04,0.66,0.05,0.0,0.05,0.01,0.09
9,4,0.01,0.09,0.03,0.09,0.24,0.11,0.06,0.03,0.16,0.18
2,2,0.01,0.01,0.75,0.12,0.01,0.0,0.02,0.0,0.08,0.0
0,0,0.89,0.0,0.0,0.0,0.02,0.04,0.02,0.0,0.01,0.02
7,7,0.02,0.0,0.02,0.03,0.03,0.01,0.0,0.64,0.01,0.24
7,7,0.0,0.0,0.0,0.01,0.0,0.0,0.0,0.99,0.0,0.0
1,1,0.0,0.98,0.02,0.0,0.0,0.0,0.0,0.0,0.0,0.0
1,1,0.0,1.0,0.0,0.0,0.0,0.0,0.0,0.0,0.0,0.0
1,1,0.0,0.93,0.0,0.02,0.01,0.01,0.0,0.01,0.02,0.0
5,5,0.0,0.01,0.0,0.08,0.07,0.65,0.01,0.07,0.06,0.05
9,9,0.0,0.0,0.0,0.0,0.01,0.01,0.0,0.01,0.0,0.97
1,1,0.0,0.99,0.0,0.0,0.0,0.0,0.01,0.0,0.0,0.0
8,8,0.0,0.03,0.04,0.02,0.01,0.0,0.01,0.08,0.8,0.01
8,8,0.0,0.18,0.02,0.01,0.02,0.01,0.01,0.04,0.7,0.01
4,4,0.01,0.01,0.01,0.02,0.81,0.04,0.01,0.0,0.0,0.09
4,4,0.0,0.0,0.0,0.01,0.95,0.0,0.0,0.01,0.0,0.03
3,3,0.2,0.0,0.03,0.35,0.02,0.25,0.08,0.03,0.02,0.02
5,5,0.03,0.0,0.0,0.06,0.01,0.84,0.03,0.0,0.01,0.02
9,9,0.0,0.01,0.0,0.0,0.01,0.0,0.0,0.05,0.04,0.89
8,8,0.02,0.0,0.05,0.12,0.02,0.05,0.01,0.0,0.73,0.0
2,2,0.07,0.01,0.38,0.11,0.1,0.07,0.01,0.14,0.01,0.1
0,0,0.97,0.0,0.02,0.0,0.0,0.0,0.0,0.01,0.0,0.0
0,8,0.08,0.1,0.2,0.08,0.01,0.11,0.11,0.07,0.22,0.02
8,8,0.04,0.0,0.04,0.09,0.02,0.06,0.02,0.02,0.66,0.05
8,8,0.0,0.03,0.18,0.19,0.04,0.04,0.12,0.04,0.36,0.0
7,7,0.0,0.0,0.0,0.0,0.01,0.0,0.0,0.99,0.0,0.0
5,3,0.17,0.02,0.03,0.19,0.04,0.19,0.1,0.13,0.07,0.06
6,6,0.04,0.01,0.03,0.06,0.09,0.31,0.37,0.0,0.04,0.05
7,7,0.0,0.0,0.01,0.0,0.01,0.0,0.0,0.98,0.0,0.0
4,4,0.0,0.01,0.01,0.03,0.61,0.05,0.0,0.06,0.02,0.21
0,0,0.93,0.0,0.01,0.0,0.01,0.03,0.01,0.0,0.0,0.01
8,8,0.01,0.03,0.11,0.07,0.01,0.01,0.01,0.01,0.72,0.02
0,0,1.0,0.0,0.0,0.0,0.0,0.0,0.0,0.0,0.0,0.0
2,2,0.01,0.0,0.96,0.0,0.01,0.0,0.01,0.0,0.01,0.0
4,4,0.0,0.0,0.01,0.02,0.79,0.01,0.01,0.09,0.04,0.03
4,4,0.0,0.02,0.01,0.06,0.38,0.04,0.06,0.08,0.12,0.23
0,0,0.85,0.01,0.01,0.01,0.01,0.06,0.0,0.05,0.0,0.0
7,7,0.0,0.0,0.0,0.0,0.0,0.0,0.0,0.98,0.0,0.02
5,5,0.27,0.0,0.05,0.11,0.02,0.31,0.13,0.0,0.1,0.01
2,2,0.0,0.01,0.94,0.0,0.01,0.0,0.0,0.02,0.02,0.0
6,6,0.02,0.02,0.03,0.0,0.06,0.0,0.85,0.0,0.01,0.01
2,6,0.0,0.01,0.33,0.06,0.03,0.05,0.43,0.03,0.05,0.01
1,1,0.0,1.0,0.0,0.0,0.0,0.0,0.0,0.0,0.0,0.0
4,4,0.0,0.0,0.04,0.05,0.45,0.01,0.13,0.11,0.06,0.15
6,6,0.0,0.0,0.03,0.01,0.03,0.01,0.91,0.0,0.01,0.0
8,8,0.04,0.0,0.29,0.1,0.06,0.06,0.11,0.01,0.3,0.03
9,9,0.0,0.0,0.0,0.06,0.08,0.09,0.01,0.01,0.01,0.74
0,0,0.84,0.0,0.02,0.01,0.01,0.01,0.1,0.0,0.01,0.0
9,9,0.0,0.03,0.0,0.07,0.08,0.08,0.01,0.07,0.05,0.61
3,3,0.01,0.0,0.01,0.91,0.0,0.02,0.0,0.0,0.04,0.01
3,3,0.01,0.0,0.14,0.6,0.0,0.09,0.0,0.01,0.14,0.01
6,6,0.06,0.06,0.08,0.06,0.03,0.1,0.56,0.0,0.05,0.0
4,4,0.01,0.01,0.0,0.05,0.44,0.04,0.0,0.04,0.17,0.24
8,8,0.05,0.0,0.11,0.12,0.0,0.03,0.01,0.01,0.64,0.03
2,2,0.01,0.0,0.88,0.0,0.03,0.0,0.03,0.0,0.05,0.0
3,3,0.21,0.01,0.19,0.4,0.02,0.07,0.05,0.0,0.03,0.02
0,0,1.0,0.0,0.0,0.0,0.0,0.0,0.0,0.0,0.0,0.0
7,7,0.0,0.0,0.0,0.01,0.0,0.0,0.0,0.96,0.01,0.02
9,9,0.0,0.01,0.0,0.06,0.11,0.03,0.0,0.04,0.04,0.71
9,9,0.0,0.0,0.0,0.01,0.01,0.0,0.0,0.01,0.0,0.97
0,0,1.0,0.0,0.0,0.0,0.0,0.0,0.0,0.0,0.0,0.0
9,9,0.0,0.01,0.0,0.0,0.03,0.0,0.0,0.02,0.01,0.93
0,0,0.97,0.0,0.0,0.0,0.0,0.01,0.0,0.0,0.01,0.01
8,8,0.08,0.0,0.04,0.14,0.02,0.19,0.04,0.0,0.4,0.09
0,0,0.96,0.0,0.0,0.02,0.0,0.02,0.0,0.0,0.0,0.0
0,0,1.0,0.0,0.0,0.0,0.0,0.0,0.0,0.0,0.0,0.0
0,0,0.83,0.0,0.0,0.02,0.02,0.08,0.02,0.01,0.02,0.0
7,7,0.0,0.0,0.0,0.0,0.01,0.01,0.01,0.94,0.0,0.03
4,4,0.01,0.0,0.0,0.0,0.99,0.0,0.0,0.0,0.0,0.0
8,8,0.0,0.02,0.01,0.03,0.02,0.06,0.03,0.0,0.83,0.0
1,1,0.01,0.87,0.02,0.0,0.02,0.02,0.0,0.02,0.02,0.02
4,4,0.0,0.0,0.01,0.08,0.52,0.03,0.01,0.06,0.06,0.23
7,7,0.0,0.0,0.0,0.01,0.0,0.0,0.0,0.99,0.0,0.0
9,9,0.0,0.0,0.0,0.0,0.06,0.0,0.0,0.03,0.0,0.91
5,5,0.02,0.0,0.02,0.14,0.0,0.72,0.01,0.0,0.07,0.02
9,9,0.01,0.0,0.03,0.01,0.05,0.02,0.0,0.06,0.01,0.81
4,4,0.02,0.0,0.0,0.02,0.89,0.0,0.0,0.0,0.03,0.04
6,6,0.0,0.0,0.02,0.02,0.0,0.0,0.94,0.0,0.01,0.01
9,9,0.0,0.0,0.0,0.01,0.06,0.03,0.0,0.14,0.01,0.75
6,6,0.01,0.0,0.0,0.0,0.01,0.01,0.97,0.0,0.0,0.0
5,5,0.02,0.17,0.03,0.06,0.01,0.47,0.05,0.03,0.14,0.02
1,1,0.0,0.95,0.04,0.0,0.0,0.0,0.0,0.0,0.01,0.0
7,7,0.0,0.0,0.0,0.01,0.0,0.0,0.0,0.98,0.0,0.01
6,6,0.01,0.0,0.0,0.0,0.13,0.02,0.81,0.03,0.0,0.0
2,2,0.02,0.0,0.76,0.07,0.04,0.04,0.05,0.0,0.02,0.0
0,0,1.0,0.0,0.0,0.0,0.0,0.0,0.0,0.0,0.0,0.0
8,8,0.0,0.01,0.0,0.02,0.0,0.0,0.0,0.01,0.96,0.0
5,5,0.0,0.0,0.0,0.05,0.03,0.66,0.0,0.03,0.09,0.14
4,4,0.0,0.0,0.0,0.0,1.0,0.0,0.0,0.0,0.0,0.0
2,2,0.03,0.01,0.42,0.1,0.02,0.01,0.0,0.25,0.1,0.06
0,0,0.83,0.0,0.0,0.01,0.0,0.02,0.04,0.0,0.09,0.01
3,3,0.01,0.0,0.02,0.82,0.0,0.05,0.01,0.0,0.06,0.03
7,7,0.03,0.02,0.13,0.06,0.08,0.04,0.03,0.51,0.03,0.07
9,9,0.0,0.0,0.0,0.0,0.0,0.0,0.0,0.02,0.0,0.98
9,9,0.0,0.0,0.03,0.02,0.05,0.02,0.01,0.0,0.01,0.86
7,7,0.0,0.0,0.0,0.01,0.04,0.03,0.0,0.8,0.01,0.11
2,2,0.01,0.0,0.8,0.07,0.02,0.02,0.03,0.01,0.04,0.0
7,7,0.01,0.17,0.0,0.03,0.01,0.0,0.0,0.63,0.04,0.11
1,1,0.0,0.83,0.04,0.02,0.0,0.01,0.01,0.02,0.06,0.01
1,1,0.0,1.0,0.0,0.0,0.0,0.0,0.0,0.0,0.0,0.0
6,6,0.02,0.0,0.04,0.0,0.03,0.01,0.89,0.0,0.0,0.01
7,7,0.01,0.02,0.03,0.02,0.27,0.05,0.02,0.52,0.02,0.04
8,8,0.0,0.04,0.08,0.06,0.04,0.04,0.03,0.01,0.62,0.08
8,8,0.07,0.0,0.09,0.1,0.03,0.07,0.13,0.0,0.49,0.02
9,9,0.0,0.0,0.01,0.01,0.13,0.01,0.01,0.07,0.05,0.71
6,6,0.05,0.01,0.01,0.01,0.03,0.12,0.54,0.01,0.2,0.02
1,1,0.0,0.99,0.0,0.0,0.0,0.0,0.0,0.0,0.0,0.01
2,2,0.01,0.0,0.95,0.0,0.01,0.01,0.0,0.01,0.01,0.0
4,4,0.02,0.0,0.04,0.07,0.31,0.04,0.06,0.07,0.16,0.23
7,7,0.01,0.0,0.03,0.04,0.0,0.03,0.0,0.89,0.0,0.0
0,0,0.47,0.0,0.07,0.09,0.02,0.14,0.04,0.01,0.12,0.04
9,9,0.0,0.0,0.01,0.0,0.1,0.02,0.0,0.06,0.02,0.79
7,7,0.0,0.0,0.0,0.0,0.05,0.01,0.02,0.87,0.0,0.05
3,3,0.02,0.02,0.0,0.68,0.02,0.12,0.02,0.0,0.07,0.05
9,9,0.0,0.0,0.0,0.02,0.02,0.0,0.01,0.02,0.02,0.91
5,5,0.07,0.0,0.06,0.07,0.15,0.28,0.02,0.13,0.05,0.17
6,6,0.06,0.06,0.14,0.02,0.05,0.01,0.55,0.02,0.09,0.0
8,3,0.22,0.0,0.03,0.24,0.02,0.19,0.07,0.0,0.17,0.06
2,2,0.05,0.02,0.7,0.07,0.03,0.04,0.04,0.0,0.05,0.0
7,7,0.0,0.0,0.0,0.0,0.0,0.0,0.0,0.98,0.01,0.01
8,8,0.01,0.05,0.03,0.1,0.02,0.04,0.01,0.04,0.68,0.02
9,9,0.0,0.0,0.03,0.03,0.08,0.05,0.01,0.04,0.02,0.74
1,1,0.0,0.99,0.0,0.01,0.0,0.0,0.0,0.0,0.0,0.0
1,1,0.0,0.51,0.12,0.02,0.01,0.06,0.01,0.01,0.24,0.02
7,7,0.01,0.0,0.01,0.02,0.0,0.02,0.0,0.91,0.01,0.02
4,4,0.01,0.0,0.0,0.0,0.91,0.03,0.03,0.01,0.0,0.01
2,2,0.0,0.0,0.96,0.0,0.01,0.01,0.01,0.01,0.0,0.0
6,6,0.01,0.13,0.13,0.08,0.07,0.09,0.44,0.02,0.01,0.02
8,8,0.06,0.0,0.04,0.19,0.02,0.1,0.01,0.02,0.52,0.04
9,1,0.01,0.29,0.04,0.06,0.15,0.07,0.11,0.09,0.09,0.09
1,1,0.0,0.53,0.02,0.07,0.0,0.01,0.01,0.01,0.29,0.06
9,9,0.0,0.0,0.02,0.02,0.12,0.08,0.0,0.09,0.02,0.65
0,0,0.53,0.0,0.02,0.0,0.0,0.02,0.39,0.01,0.01,0.02
2,2,0.0,0.0,0.86,0.02,0.02,0.02,0.01,0.03,0.04,0.0
9,9,0.0,0.0,0.0,0.0,0.02,0.01,0.02,0.11,0.04,0.8
8,8,0.01,0.0,0.02,0.11,0.01,0.03,0.0,0.03,0.74,0.05
1,1,0.0,0.96,0.01,0.0,0.01,0.0,0.01,0.0,0.01,0.0
1,1,0.0,0.86,0.03,0.03,0.0,0.06,0.0,0.01,0.01,0.0
1,1,0.0,1.0,0.0,0.0,0.0,0.0,0.0,0.0,0.0,0.0
0,0,0.92,0.0,0.03,0.0,0.0,0.0,0.05,0.0,0.0,0.0
2,2,0.0,0.06,0.68,0.16,0.0,0.02,0.03,0.0,0.05,0.0
2,2,0.0,0.0,0.93,0.05,0.0,0.01,0.0,0.0,0.01,0.0
2,2,0.01,0.02,0.92,0.01,0.0,0.0,0.0,0.01,0.03,0.0
3,3,0.0,0.0,0.0,0.94,0.0,0.01,0.0,0.0,0.05,0.0
5,5,0.01,0.08,0.06,0.12,0.05,0.54,0.04,0.01,0.05,0.04
8,8,0.0,0.15,0.14,0.07,0.0,0.07,0.01,0.01,0.54,0.01
7,7,0.0,0.0,0.0,0.0,0.09,0.02,0.0,0.8,0.0,0.09
8,8,0.05,0.0,0.09,0.17,0.07,0.02,0.01,0.02,0.4,0.17
5,5,0.12,0.01,0.05,0.15,0.04,0.48,0.08,0.0,0.07,0.0
4,4,0.03,0.0,0.02,0.0,0.63,0.03,0.01,0.06,0.09,0.13
9,9,0.0,0.0,0.0,0.02,0.16,0.03,0.0,0.04,0.0,0.75
0,0,0.89,0.01,0.0,0.03,0.01,0.02,0.0,0.02,0.0,0.02
8,9,0.14,0.02,0.11,0.04,0.1,0.05,0.08,0.08,0.14,0.24
4,4,0.0,0.02,0.01,0.06,0.65,0.04,0.01,0.02,0.04,0.15
8,8,0.01,0.01,0.03,0.02,0.1,0.07,0.05,0.01,0.63,0.07
5,5,0.02,0.02,0.0,0.02,0.07,0.73,0.01,0.03,0.04,0.06
7,7,0.0,0.01,0.0,0.01,0.02,0.0,0.0,0.95,0.0,0.01
1,1,0.0,1.0,0.0,0.0,0.0,0.0,0.0,0.0,0.0,0.0
5,5,0.02,0.02,0.03,0.13,0.0,0.71,0.03,0.02,0.03,0.01
3,3,0.01,0.0,0.0,0.82,0.0,0.12,0.0,0.0,0.03,0.02
7,7,0.0,0.07,0.03,0.03,0.03,0.0,0.03,0.72,0.01,0.08
8,8,0.0,0.0,0.01,0.01,0.0,0.01,0.0,0.0,0.94,0.03
8,8,0.01,0.01,0.1,0.04,0.02,0.01,0.0,0.03,0.76,0.02
8,8,0.0,0.03,0.02,0.08,0.05,0.2,0.05,0.02,0.52,0.03
9,9,0.01,0.01,0.0,0.0,0.05,0.01,0.0,0.0,0.03,0.89
5,5,0.25,0.01,0.02,0.1,0.01,0.41,0.15,0.0,0.03,0.02
8,8,0.01,0.02,0.0,0.01,0.0,0.01,0.0,0.01,0.94,0.0
3,3,0.0,0.03,0.04,0.86,0.01,0.01,0.0,0.0,0.05,0.0
9,9,0.0,0.0,0.0,0.02,0.05,0.04,0.0,0.1,0.06,0.73
3,3,0.01,0.0,0.0,0.87,0.0,0.07,0.0,0.0,0.0,0.05
0,0,0.87,0.0,0.1,0.0,0.0,0.01,0.02,0.0,0.0,0.0
9,9,0.01,0.0,0.0,0.01,0.02,0.01,0.0,0.03,0.0,0.92
5,5,0.08,0.0,0.06,0.21,0.03,0.49,0.07,0.02,0.02,0.02
1,1,0.0,0.77,0.02,0.03,0.0,0.0,0.0,0.02,0.13,0.03
0,0,0.74,0.01,0.02,0.01,0.03,0.05,0.06,0.02,0.02,0.04
0,0,0.94,0.01,0.01,0.0,0.0,0.01,0.01,0.0,0.01,0.01
8,9,0.0,0.01,0.02,0.01,0.05,0.02,0.01,0.01,0.23,0.64
5,5,0.01,0.02,0.0,0.22,0.0,0.67,0.01,0.0,0.07,0.0
6,6,0.1,0.01,0.14,0.09,0.05,0.03,0.5,0.01,0.07,0.0
4,4,0.0,0.0,0.0,0.0,0.85,0.02,0.0,0.0,0.01,0.12
6,6,0.0,0.0,0.0,0.0,0.0,0.0,1.0,0.0,0.0,0.0
5,5,0.05,0.0,0.06,0.0,0.07,0.52,0.08,0.13,0.07,0.02
0,0,0.93,0.0,0.01,0.0,0.0,0.01,0.03,0.0,0.01,0.01
4,4,0.0,0.0,0.03,0.0,0.54,0.05,0.01,0.03,0.23,0.11
7,7,0.0,0.0,0.0,0.0,0.0,0.0,0.0,1.0,0.0,0.0
6,6,0.07,0.0,0.04,0.0,0.03,0.07,0.76,0.01,0.0,0.02
6,6,0.0,0.01,0.01,0.02,0.04,0.06,0.79,0.0,0.04,0.03
1,1,0.0,0.99,0.0,0.0,0.0,0.0,0.0,0.0,0.0,0.01
2,2,0.01,0.03,0.67,0.03,0.11,0.03,0.06,0.0,0.06,0.0
9,9,0.03,0.03,0.0,0.11,0.08,0.02,0.01,0.08,0.08,0.56
7,7,0.01,0.0,0.0,0.01,0.0,0.0,0.0,0.98,0.0,0.0
0,0,0.45,0.0,0.04,0.12,0.04,0.13,0.09,0.01,0.1,0.02
6,6,0.0,0.0,0.0,0.0,0.0,0.0,1.0,0.0,0.0,0.0
0,0,0.93,0.0,0.01,0.0,0.0,0.02,0.01,0.0,0.01,0.02
2,2,0.0,0.0,0.97,0.0,0.01,0.0,0.0,0.01,0.01,0.0
3,3,0.0,0.0,0.05,0.77,0.03,0.03,0.0,0.04,0.04,0.04
4,4,0.01,0.0,0.02,0.0,0.7,0.02,0.19,0.0,0.0,0.06
4,4,0.05,0.01,0.05,0.02,0.65,0.03,0.07,0.04,0.02,0.06
2,2,0.01,0.05,0.38,0.09,0.06,0.01,0.04,0.26,0.05,0.05
0,0,0.67,0.0,0.09,0.01,0.04,0.01,0.08,0.02,0.05,0.03
0,0,1.0,0.0,0.0,0.0,0.0,0.0,0.0,0.0,0.0,0.0
6,6,0.0,0.0,0.0,0.0,0.0,0.01,0.98,0.0,0.01,0.0
9,9,0.0,0.01,0.07,0.02,0.22,0.03,0.02,0.11,0.01,0.51
3,3,0.0,0.0,0.03,0.9,0.0,0.04,0.0,0.01,0.02,0.0
5,5,0.0,0.01,0.0,0.02,0.01,0.95,0.0,0.0,0.01,0.0
6,6,0.01,0.0,0.01,0.0,0.01,0.0,0.93,0.0,0.01,0.03
7,7,0.0,0.0,0.0,0.06,0.02,0.01,0.0,0.88,0.0,0.03
9,9,0.01,0.0,0.06,0.04,0.16,0.04,0.02,0.08,0.05,0.54
4,4,0.0,0.01,0.01,0.01,0.73,0.03,0.02,0.03,0.01,0.15
7,7,0.0,0.0,0.01,0.02,0.0,0.02,0.0,0.93,0.0,0.02
8,8,0.06,0.01,0.05,0.26,0.02,0.21,0.03,0.0,0.29,0.07
2,2,0.0,0.0,0.99,0.01,0.0,0.0,0.0,0.0,0.0,0.0
9,9,0.0,0.02,0.02,0.01,0.13,0.01,0.02,0.2,0.03,0.56
1,1,0.0,0.25,0.04,0.2,0.05,0.11,0.01,0.08,0.16,0.1
4,4,0.0,0.01,0.04,0.06,0.74,0.03,0.03,0.03,0.01,0.05
8,8,0.03,0.0,0.03,0.0,0.01,0.04,0.01,0.0,0.86,0.02
3,3,0.02,0.01,0.03,0.89,0.0,0.03,0.0,0.01,0.01,0.0
3,5,0.0,0.04,0.01,0.33,0.04,0.38,0.04,0.04,0.03,0.09
9,9,0.0,0.0,0.0,0.02,0.01,0.01,0.01,0.0,0.0,0.95
8,8,0.01,0.42,0.04,0.04,0.0,0.0,0.0,0.0,0.49,0.0
5,5,0.03,0.02,0.04,0.25,0.01,0.54,0.05,0.0,0.03,0.03
3,3,0.0,0.09,0.06,0.29,0.06,0.08,0.03,0.13,0.06,0.2
9,9,0.06,0.01,0.25,0.0,0.14,0.03,0.04,0.01,0.11,0.35
6,6,0.01,0.02,0.03,0.01,0.0,0.01,0.91,0.01,0.0,0.0
6,6,0.03,0.0,0.05,0.02,0.01,0.01,0.81,0.01,0.02,0.04
8,8,0.0,0.03,0.01,0.16,0.03,0.07,0.03,0.09,0.43,0.15
7,7,0.01,0.0,0.0,0.01,0.0,0.0,0.0,0.96,0.0,0.02
7,7,0.0,0.0,0.0,0.0,0.0,0.0,0.0,0.99,0.0,0.01
6,6,0.16,0.0,0.1,0.03,0.04,0.03,0.57,0.0,0.04,0.03
5,3,0.06,0.08,0.13,0.43,0.0,0.15,0.04,0.04,0.04,0.03
0,0,0.98,0.0,0.0,0.0,0.0,0.01,0.0,0.0,0.01,0.0
0,0,0.91,0.0,0.05,0.0,0.0,0.01,0.02,0.0,0.01,0.0
6,6,0.02,0.01,0.03,0.0,0.09,0.09,0.53,0.01,0.19,0.03
0,0,1.0,0.0,0.0,0.0,0.0,0.0,0.0,0.0,0.0,0.0
5,5,0.0,0.0,0.0,0.07,0.0,0.89,0.0,0.0,0.03,0.01
1,1,0.0,0.96,0.01,0.02,0.0,0.0,0.0,0.01,0.0,0.0
5,5,0.06,0.08,0.0,0.05,0.1,0.5,0.05,0.04,0.11,0.01
3,3,0.0,0.0,0.0,0.94,0.0,0.05,0.01,0.0,0.0,0.0
3,3,0.0,0.13,0.0,0.67,0.02,0.06,0.02,0.01,0.05,0.04
2,2,0.01,0.02,0.68,0.1,0.0,0.01,0.0,0.07,0.11,0.0
3,3,0.01,0.0,0.03,0.89,0.0,0.05,0.0,0.01,0.01,0.0
2,2,0.04,0.02,0.7,0.08,0.01,0.03,0.03,0.05,0.01,0.03
0,0,0.89,0.0,0.05,0.01,0.0,0.0,0.04,0.0,0.01,0.0
7,7,0.0,0.0,0.01,0.0,0.0,0.0,0.0,0.99,0.0,0.0
4,4,0.0,0.0,0.08,0.0,0.78,0.01,0.03,0.01,0.06,0.03
7,2,0.02,0.05,0.54,0.02,0.02,0.02,0.03,0.22,0.08,0.0
0,0,0.93,0.0,0.02,0.0,0.02,0.01,0.01,0.0,0.0,0.01
7,7,0.0,0.0,0.0,0.0,0.0,0.0,0.0,1.0,0.0,0.0
0,0,1.0,0.0,0.0,0.0,0.0,0.0,0.0,0.0,0.0,0.0
9,9,0.0,0.01,0.02,0.02,0.05,0.0,0.0,0.09,0.01,0.8
6,6,0.0,0.01,0.01,0.01,0.08,0.03,0.8,0.02,0.02,0.02
6,6,0.01,0.0,0.05,0.02,0.04,0.03,0.81,0.02,0.01,0.01
6,6,0.03,0.0,0.03,0.0,0.0,0.0,0.93,0.0,0.0,0.01
0,0,1.0,0.0,0.0,0.0,0.0,0.0,0.0,0.0,0.0,0.0
6,6,0.0,0.02,0.03,0.0,0.15,0.01,0.77,0.0,0.02,0.0
4,4,0.08,0.01,0.1,0.03,0.51,0.06,0.09,0.04,0.0,0.08
1,1,0.0,0.98,0.0,0.0,0.0,0.01,0.0,0.0,0.01,0.0
6,6,0.0,0.0,0.0,0.01,0.02,0.0,0.97,0.0,0.0,0.0
1,1,0.0,0.93,0.0,0.0,0.0,0.01,0.0,0.0,0.04,0.02
2,2,0.01,0.0,0.86,0.0,0.03,0.02,0.01,0.03,0.02,0.02
8,8,0.01,0.0,0.03,0.09,0.02,0.01,0.0,0.0,0.84,0.0
6,6,0.03,0.03,0.03,0.05,0.11,0.03,0.65,0.01,0.02,0.04
4,4,0.0,0.0,0.02,0.0,0.91,0.0,0.0,0.02,0.0,0.05
5,5,0.03,0.0,0.0,0.05,0.02,0.85,0.01,0.0,0.03,0.01
6,6,0.0,0.02,0.0,0.0,0.0,0.01,0.95,0.0,0.02,0.0
1,1,0.0,0.97,0.0,0.0,0.01,0.0,0.0,0.01,0.01,0.0
7,7,0.0,0.0,0.0,0.0,0.0,0.0,0.0,1.0,0.0,0.0
7,7,0.01,0.0,0.0,0.0,0.01,0.0,0.0,0.98,0.0,0.0
0,0,0.87,0.0,0.02,0.06,0.0,0.02,0.0,0.0,0.01,0.02
2,2,0.03,0.0,0.68,0.04,0.05,0.05,0.04,0.01,0.08,0.02
9,9,0.0,0.0,0.0,0.0,0.0,0.0,0.0,0.03,0.01,0.96
9,9,0.01,0.0,0.0,0.02,0.01,0.03,0.0,0.07,0.02,0.84
7,7,0.01,0.0,0.0,0.01,0.08,0.06,0.0,0.73,0.01,0.1
2,2,0.0,0.04,0.89,0.04,0.0,0.0,0.0,0.0,0.03,0.0
7,7,0.01,0.0,0.0,0.0,0.0,0.0,0.0,0.99,0.0,0.0
7,9,0.01,0.07,0.0,0.06,0.24,0.1,0.04,0.18,0.05,0.25
4,4,0.0,0.0,0.0,0.0,0.95,0.01,0.0,0.01,0.01,0.02
6,6,0.03,0.0,0.04,0.01,0.0,0.04,0.85,0.0,0.02,0.01
3,3,0.0,0.03,0.05,0.58,0.0,0.09,0.0,0.0,0.19,0.06
9,9,0.01,0.0,0.02,0.02,0.26,0.09,0.02,0.18,0.07,0.33
2,8,0.01,0.03,0.3,0.05,0.02,0.0,0.02,0.1,0.41,0.06
7,7,0.0,0.01,0.03,0.05,0.01,0.02,0.0,0.71,0.02,0.15
3,3,0.02,0.02,0.22,0.48,0.02,0.09,0.0,0.02,0.04,0.09
3,3,0.02,0.0,0.04,0.72,0.0,0.07,0.01,0.03,0.09,0.02
1,1,0.0,0.94,0.01,0.01,0.01,0.0,0.02,0.01,0.0,0.0
5,5,0.0,0.0,0.01,0.1,0.03,0.77,0.01,0.0,0.04,0.04
0,0,0.6,0.01,0.03,0.03,0.02,0.08,0.15,0.01,0.04,0.03
8,8,0.09,0.01,0.04,0.11,0.04,0.13,0.02,0.0,0.51,0.05
6,6,0.0,0.0,0.0,0.03,0.01,0.03,0.92,0.0,0.0,0.01
6,6,0.0,0.01,0.09,0.03,0.11,0.02,0.63,0.05,0.04,0.02
7,7,0.0,0.0,0.0,0.01,0.0,0.0,0.0,0.98,0.0,0.01
6,6,0.0,0.0,0.01,0.0,0.0,0.01,0.98,0.0,0.0,0.0
1,1,0.0,1.0,0.0,0.0,0.0,0.0,0.0,0.0,0.0,0.0
8,7,0.0,0.03,0.02,0.07,0.02,0.1,0.0,0.34,0.18,0.24
8,8,0.03,0.04,0.1,0.23,0.05,0.12,0.05,0.0,0.38,0.0
5,5,0.0,0.0,0.0,0.04,0.02,0.9,0.02,0.0,0.01,0.01
3,3,0.0,0.0,0.01,0.78,0.02,0.07,0.0,0.0,0.07,0.05
7,7,0.0,0.0,0.01,0.07,0.0,0.0,0.01,0.89,0.0,0.02
4,4,0.02,0.0,0.03,0.0,0.38,0.18,0.13,0.04,0.2,0.02
9,9,0.02,0.0,0.01,0.0,0.05,0.0,0.0,0.08,0.0,0.84
4,4,0.0,0.0,0.0,0.0,0.97,0.0,0.0,0.0,0.01,0.02
5,5,0.01,0.0,0.0,0.01,0.04,0.89,0.0,0.01,0.02,0.02
2,2,0.01,0.05,0.51,0.11,0.02,0.03,0.11,0.03,0.12,0.01
6,6,0.0,0.01,0.03,0.0,0.02,0.01,0.88,0.0,0.05,0.0
3,3,0.01,0.01,0.04,0.77,0.02,0.01,0.01,0.01,0.09,0.03
3,3,0.01,0.0,0.01,0.9,0.0,0.04,0.0,0.0,0.02,0.02
8,8,0.05,0.01,0.11,0.08,0.02,0.07,0.05,0.0,0.58,0.03
3,3,0.02,0.02,0.03,0.53,0.02,0.16,0.0,0.13,0.0,0.09
8,8,0.01,0.0,0.06,0.04,0.03,0.04,0.06,0.01,0.68,0.07
7,7,0.0,0.01,0.08,0.15,0.07,0.0,0.0,0.61,0.02,0.06
0,0,0.94,0.0,0.02,0.0,0.0,0.02,0.01,0.0,0.01,0.0
2,2,0.01,0.04,0.66,0.14,0.0,0.0,0.09,0.01,0.04,0.01
5,5,0.02,0.01,0.06,0.07,0.02,0.67,0.05,0.02,0.05,0.03
9,9,0.0,0.01,0.0,0.01,0.09,0.01,0.0,0.01,0.01,0.86
7,7,0.0,0.01,0.02,0.02,0.01,0.0,0.0,0.92,0.0,0.02
7,7,0.0,0.07,0.03,0.04,0.02,0.0,0.01,0.76,0.01,0.06
8,8,0.01,0.04,0.06,0.04,0.06,0.08,0.04,0.09,0.54,0.04
8,3,0.11,0.0,0.01,0.38,0.01,0.14,0.04,0.01,0.22,0.08
4,4,0.0,0.01,0.15,0.04,0.43,0.02,0.14,0.0,0.06,0.15
4,4,0.0,0.0,0.0,0.01,0.92,0.01,0.01,0.0,0.0,0.05
1,1,0.0,0.97,0.01,0.0,0.0,0.0,0.01,0.0,0.0,0.01
5,5,0.02,0.01,0.03,0.29,0.03,0.58,0.01,0.01,0.01,0.01
2,2,0.0,0.0,0.95,0.02,0.0,0.0,0.0,0.02,0.01,0.0
1,1,0.0,0.95,0.01,0.01,0.0,0.0,0.01,0.0,0.01,0.01
1,1,0.0,1.0,0.0,0.0,0.0,0.0,0.0,0.0,0.0,0.0
8,8,0.0,0.0,0.01,0.01,0.0,0.0,0.0,0.0,0.98,0.0
4,4,0.01,0.0,0.08,0.05,0.35,0.02,0.03,0.09,0.05,0.32
3,3,0.01,0.11,0.05,0.35,0.01,0.02,0.0,0.28,0.05,0.12
8,8,0.0,0.06,0.05,0.06,0.0,0.06,0.27,0.0,0.5,0.0
1,1,0.0,1.0,0.0,0.0,0.0,0.0,0.0,0.0,0.0,0.0
0,0,0.92,0.0,0.01,0.01,0.0,0.01,0.04,0.0,0.01,0.0
2,2,0.02,0.0,0.8,0.03,0.02,0.01,0.03,0.03,0.06,0.0
1,1,0.0,1.0,0.0,0.0,0.0,0.0,0.0,0.0,0.0,0.0
1,1,0.0,0.99,0.01,0.0,0.0,0.0,0.0,0.0,0.0,0.0
9,9,0.0,0.0,0.03,0.05,0.13,0.05,0.0,0.08,0.09,0.57
8,8,0.0,0.0,0.0,0.02,0.01,0.0,0.0,0.0,0.96,0.01
0,0,0.77,0.01,0.0,0.01,0.05,0.04,0.06,0.02,0.03,0.01
3,3,0.0,0.02,0.09,0.58,0.02,0.03,0.01,0.14,0.02,0.09
6,6,0.05,0.0,0.02,0.01,0.03,0.07,0.78,0.0,0.01,0.03
2,2,0.04,0.0,0.59,0.01,0.1,0.01,0.12,0.01,0.04,0.08
6,6,0.01,0.0,0.01,0.0,0.0,0.0,0.98,0.0,0.0,0.0
9,9,0.0,0.0,0.0,0.0,0.01,0.02,0.0,0.02,0.0,0.95
6,6,0.0,0.0,0.01,0.0,0.01,0.0,0.98,0.0,0.0,0.0
9,9,0.0,0.01,0.01,0.05,0.0,0.0,0.0,0.02,0.0,0.91
2,2,0.04,0.01,0.77,0.01,0.04,0.02,0.04,0.01,0.05,0.01
5,5,0.0,0.06,0.03,0.2,0.0,0.54,0.08,0.01,0.07,0.01
0,0,1.0,0.0,0.0,0.0,0.0,0.0,0.0,0.0,0.0,0.0
2,2,0.04,0.0,0.46,0.04,0.03,0.09,0.27,0.02,0.05,0.0
8,8,0.0,0.02,0.03,0.01,0.03,0.03,0.02,0.05,0.78,0.03
2,2,0.14,0.0,0.67,0.02,0.01,0.04,0.04,0.01,0.04,0.03
5,9,0.04,0.01,0.02,0.05,0.16,0.25,0.05,0.08,0.07,0.27
8,8,0.04,0.01,0.02,0.02,0.0,0.03,0.0,0.02,0.84,0.02
1,1,0.0,0.92,0.03,0.03,0.0,0.0,0.01,0.0,0.0,0.01
2,2,0.04,0.0,0.69,0.05,0.03,0.03,0.08,0.01,0.04,0.03
4,4,0.0,0.0,0.0,0.0,0.92,0.0,0.02,0.0,0.0,0.06
3,3,0.03,0.04,0.01,0.38,0.06,0.29,0.03,0.06,0.05,0.05
0,0,0.99,0.0,0.0,0.0,0.0,0.0,0.0,0.0,0.01,0.0
0,0,0.82,0.0,0.02,0.01,0.0,0.03,0.07,0.01,0.02,0.02
4,4,0.0,0.06,0.08,0.0,0.63,0.06,0.07,0.03,0.01,0.06
2,2,0.08,0.03,0.48,0.11,0.05,0.09,0.09,0.0,0.05,0.02
1,1,0.0,0.98,0.01,0.0,0.0,0.0,0.0,0.0,0.01,0.0
7,7,0.03,0.01,0.05,0.06,0.02,0.0,0.0,0.83,0.0,0.0
7,7,0.28,0.0,0.01,0.01,0.04,0.02,0.0,0.42,0.01,0.21
9,9,0.01,0.0,0.0,0.03,0.03,0.05,0.0,0.08,0.01,0.79
7,7,0.0,0.0,0.0,0.0,0.0,0.0,0.0,1.0,0.0,0.0
4,4,0.0,0.0,0.0,0.0,0.95,0.0,0.0,0.03,0.01,0.01
5,5,0.01,0.0,0.02,0.01,0.01,0.78,0.04,0.05,0.04,0.04
0,0,0.91,0.0,0.01,0.01,0.0,0.06,0.01,0.0,0.0,0.0
7,7,0.0,0.0,0.0,0.0,0.0,0.0,0.02,0.96,0.0,0.02
9,9,0.0,0.01,0.0,0.02,0.07,0.01,0.0,0.0,0.0,0.89
4,9,0.03,0.01,0.02,0.0,0.37,0.03,0.01,0.09,0.0,0.44
5,5,0.02,0.03,0.02,0.16,0.11,0.46,0.07,0.02,0.07,0.04
0,0,1.0,0.0,0.0,0.0,0.0,0.0,0.0,0.0,0.0,0.0
5,5,0.0,0.01,0.02,0.01,0.05,0.85,0.0,0.02,0.02,0.02
1,1,0.0,0.99,0.0,0.0,0.0,0.0,0.0,0.01,0.0,0.0
1,1,0.0,0.99,0.0,0.0,0.0,0.0,0.0,0.0,0.01,0.0
9,9,0.02,0.0,0.01,0.0,0.12,0.0,0.03,0.02,0.04,0.76
3,3,0.01,0.02,0.04,0.78,0.02,0.05,0.0,0.0,0.06,0.02
1,1,0.0,1.0,0.0,0.0,0.0,0.0,0.0,0.0,0.0,0.0
2,2,0.0,0.0,0.87,0.01,0.05,0.01,0.03,0.0,0.03,0.0
5,5,0.05,0.08,0.06,0.12,0.06,0.42,0.05,0.04,0.08,0.04
7,7,0.02,0.03,0.01,0.06,0.05,0.07,0.0,0.61,0.02,0.13
0,0,0.91,0.01,0.01,0.02,0.01,0.02,0.0,0.01,0.0,0.01
4,4,0.02,0.0,0.0,0.01,0.88,0.0,0.02,0.04,0.02,0.01
9,9,0.01,0.0,0.01,0.1,0.06,0.02,0.0,0.02,0.07,0.71
4,4,0.0,0.0,0.0,0.0,0.93,0.0,0.0,0.0,0.01,0.06
3,3,0.0,0.03,0.04,0.76,0.01,0.03,0.0,0.02,0.11,0.0
9,8,0.01,0.07,0.04,0.12,0.09,0.11,0.0,0.03,0.36,0.17
1,1,0.0,0.86,0.0,0.02,0.05,0.02,0.02,0.0,0.02,0.01
8,8,0.0,0.0,0.01,0.05,0.01,0.0,0.01,0.0,0.89,0.03
8,8,0.01,0.0,0.01,0.08,0.05,0.02,0.02,0.04,0.73,0.04
5,5,0.01,0.02,0.0,0.01,0.0,0.87,0.01,0.01,0.05,0.02
9,9,0.0,0.0,0.0,0.0,0.04,0.0,0.0,0.0,0.0,0.96
7,7,0.02,0.0,0.0,0.0,0.01,0.01,0.0,0.93,0.0,0.03
2,2,0.09,0.0,0.69,0.02,0.03,0.06,0.08,0.0,0.02,0.01
4,4,0.01,0.0,0.09,0.03,0.42,0.04,0.08,0.03,0.13,0.17
1,1,0.0,1.0,0.0,0.0,0.0,0.0,0.0,0.0,0.0,0.0
1,1,0.0,0.73,0.02,0.05,0.02,0.02,0.02,0.03,0.1,0.01
6,6,0.05,0.04,0.05,0.04,0.22,0.05,0.37,0.0,0.05,0.13
3,3,0.0,0.01,0.0,0.89,0.01,0.02,0.0,0.0,0.03,0.04
4,4,0.0,0.0,0.0,0.0,0.98,0.0,0.0,0.01,0.01,0.0
0,0,0.99,0.0,0.0,0.0,0.0,0.01,0.0,0.0,0.0,0.0
1,1,0.0,1.0,0.0,0.0,0.0,0.0,0.0,0.0,0.0,0.0
3,3,0.02,0.01,0.02,0.63,0.07,0.07,0.01,0.02,0.08,0.07
0,5,0.24,0.02,0.07,0.05,0.06,0.31,0.06,0.12,0.04,0.03
2,2,0.0,0.02,0.79,0.02,0.01,0.02,0.0,0.0,0.14,0.0
6,6,0.0,0.0,0.0,0.0,0.01,0.01,0.96,0.01,0.0,0.01
3,3,0.01,0.05,0.01,0.45,0.01,0.24,0.01,0.02,0.16,0.04
1,1,0.0,0.93,0.0,0.02,0.0,0.0,0.01,0.01,0.03,0.0
7,7,0.01,0.0,0.0,0.0,0.0,0.0,0.0,0.96,0.02,0.01
3,3,0.0,0.0,0.06,0.91,0.0,0.0,0.02,0.0,0.01,0.0
4,4,0.09,0.0,0.06,0.01,0.5,0.01,0.04,0.04,0.03,0.22
7,2,0.03,0.0,0.44,0.03,0.01,0.04,0.02,0.38,0.03,0.02
7,7,0.01,0.0,0.0,0.01,0.01,0.0,0.0,0.97,0.0,0.0
1,1,0.0,1.0,0.0,0.0,0.0,0.0,0.0,0.0,0.0,0.0
4,4,0.0,0.0,0.01,0.01,0.77,0.01,0.03,0.03,0.07,0.07
1,1,0.0,0.91,0.01,0.03,0.01,0.02,0.0,0.0,0.02,0.0
9,9,0.0,0.0,0.0,0.04,0.09,0.02,0.0,0.07,0.05,0.73
6,6,0.02,0.01,0.06,0.02,0.09,0.03,0.51,0.03,0.18,0.05
9,9,0.02,0.0,0.02,0.02,0.14,0.0,0.02,0.04,0.03,0.71
0,0,0.53,0.0,0.02,0.05,0.04,0.07,0.07,0.04,0.06,0.12
7,7,0.0,0.0,0.0,0.0,0.0,0.0,0.0,1.0,0.0,0.0
8,8,0.01,0.06,0.1,0.03,0.0,0.06,0.01,0.04,0.64,0.05
4,4,0.02,0.0,0.02,0.0,0.82,0.0,0.03,0.02,0.01,0.08
1,1,0.0,1.0,0.0,0.0,0.0,0.0,0.0,0.0,0.0,0.0
2,2,0.01,0.01,0.58,0.09,0.02,0.0,0.01,0.03,0.24,0.01
0,0,1.0,0.0,0.0,0.0,0.0,0.0,0.0,0.0,0.0,0.0
9,9,0.01,0.01,0.01,0.04,0.1,0.08,0.0,0.03,0.01,0.71
5,5,0.0,0.01,0.0,0.0,0.07,0.78,0.01,0.08,0.02,0.03
7,7,0.02,0.03,0.22,0.02,0.0,0.0,0.0,0.62,0.07,0.02
6,6,0.0,0.0,0.0,0.01,0.0,0.01,0.95,0.0,0.02,0.01
2,2,0.01,0.02,0.81,0.04,0.02,0.02,0.03,0.01,0.03,0.01
9,9,0.0,0.01,0.0,0.0,0.04,0.05,0.01,0.03,0.01,0.85
0,0,1.0,0.0,0.0,0.0,0.0,0.0,0.0,0.0,0.0,0.0
5,5,0.01,0.01,0.0,0.04,0.01,0.9,0.0,0.01,0.01,0.01
5,5,0.02,0.0,0.01,0.11,0.03,0.67,0.13,0.0,0.01,0.02
2,2,0.01,0.02,0.25,0.11,0.16,0.04,0.05,0.19,0.02,0.15
2,2,0.02,0.02,0.79,0.07,0.02,0.01,0.01,0.04,0.01,0.01
9,9,0.0,0.0,0.01,0.02,0.07,0.04,0.0,0.06,0.01,0.79
1,1,0.0,0.7,0.06,0.05,0.01,0.04,0.04,0.05,0.04,0.01
2,2,0.0,0.02,0.85,0.05,0.0,0.0,0.01,0.01,0.06,0.0
4,4,0.01,0.0,0.0,0.0,0.91,0.0,0.02,0.03,0.0,0.03
9,9,0.0,0.0,0.01,0.01,0.09,0.0,0.0,0.04,0.02,0.83
1,1,0.0,1.0,0.0,0.0,0.0,0.0,0.0,0.0,0.0,0.0
6,6,0.0,0.0,0.02,0.01,0.05,0.01,0.91,0.0,0.0,0.0
2,2,0.0,0.04,0.84,0.04,0.02,0.02,0.01,0.0,0.03,0.0
1,1,0.0,0.89,0.07,0.0,0.01,0.0,0.03,0.0,0.0,0.0
3,3,0.0,0.04,0.02,0.72,0.0,0.02,0.04,0.01,0.13,0.02
4,4,0.0,0.0,0.0,0.0,0.99,0.0,0.0,0.0,0.0,0.01
9,9,0.0,0.0,0.0,0.0,0.03,0.0,0.0,0.07,0.03,0.87
8,2,0.03,0.09,0.26,0.02,0.13,0.17,0.08,0.02,0.19,0.01
2,2,0.01,0.03,0.64,0.01,0.08,0.08,0.06,0.04,0.04,0.01
3,3,0.02,0.01,0.16,0.49,0.02,0.1,0.01,0.02,0.12,0.05
6,6,0.0,0.0,0.02,0.0,0.0,0.01,0.95,0.02,0.0,0.0
5,5,0.01,0.0,0.0,0.01,0.01,0.93,0.0,0.0,0.03,0.01
0,0,1.0,0.0,0.0,0.0,0.0,0.0,0.0,0.0,0.0,0.0
9,9,0.0,0.0,0.05,0.04,0.04,0.01,0.02,0.34,0.1,0.4
0,0,0.63,0.0,0.02,0.0,0.04,0.1,0.06,0.08,0.02,0.05
4,4,0.0,0.0,0.0,0.0,0.95,0.03,0.0,0.0,0.01,0.01
5,5,0.0,0.02,0.0,0.0,0.0,0.94,0.01,0.0,0.02,0.01
4,4,0.0,0.0,0.04,0.01,0.69,0.04,0.0,0.04,0.02,0.16
7,7,0.0,0.02,0.04,0.01,0.0,0.0,0.0,0.87,0.01,0.05
3,3,0.02,0.0,0.04,0.81,0.0,0.04,0.03,0.0,0.03,0.03
0,0,0.64,0.0,0.06,0.02,0.04,0.1,0.07,0.02,0.03,0.02
4,4,0.0,0.02,0.03,0.08,0.35,0.02,0.07,0.07,0.1,0.26
8,8,0.01,0.0,0.01,0.03,0.01,0.02,0.01,0.0,0.89,0.02
5,5,0.07,0.01,0.01,0.12,0.08,0.31,0.03,0.1,0.11,0.16
1,1,0.0,0.99,0.0,0.0,0.0,0.0,0.01,0.0,0.0,0.0
0,0,0.92,0.0,0.01,0.01,0.0,0.04,0.01,0.0,0.0,0.01
8,8,0.01,0.0,0.04,0.04,0.01,0.02,0.01,0.0,0.86,0.01
2,2,0.01,0.06,0.74,0.03,0.02,0.03,0.03,0.02,0.05,0.01
0,0,0.86,0.0,0.05,0.04,0.0,0.04,0.01,0.0,0.0,0.0
0,0,0.86,0.0,0.01,0.02,0.0,0.06,0.04,0.0,0.01,0.0
9,9,0.0,0.01,0.0,0.0,0.03,0.0,0.01,0.01,0.05,0.89
2,2,0.02,0.0,0.85,0.01,0.04,0.02,0.03,0.0,0.01,0.02
5,5,0.04,0.08,0.02,0.02,0.04,0.62,0.02,0.03,0.1,0.03
9,9,0.0,0.0,0.02,0.02,0.21,0.12,0.02,0.05,0.07,0.49
2,2,0.0,0.01,0.95,0.03,0.0,0.0,0.0,0.0,0.01,0.0
6,6,0.11,0.07,0.04,0.07,0.02,0.11,0.36,0.0,0.22,0.0
9,9,0.0,0.0,0.0,0.01,0.01,0.0,0.0,0.05,0.02,0.91
3,7,0.0,0.0,0.01,0.01,0.0,0.01,0.0,0.96,0.0,0.01
3,3,0.0,0.01,0.01,0.93,0.0,0.01,0.01,0.0,0.03,0.0
9,9,0.0,0.03,0.01,0.0,0.01,0.02,0.0,0.02,0.03,0.88
9,9,0.0,0.0,0.0,0.0,0.01,0.0,0.0,0.0,0.0,0.99
0,0,0.44,0.0,0.01,0.13,0.01,0.22,0.07,0.06,0.02,0.04
6,6,0.0,0.0,0.03,0.0,0.11,0.03,0.78,0.02,0.01,0.02
6,6,0.0,0.0,0.03,0.0,0.0,0.0,0.97,0.0,0.0,0.0
5,5,0.02,0.0,0.01,0.2,0.03,0.42,0.17,0.0,0.11,0.04
2,2,0.02,0.08,0.53,0.13,0.0,0.06,0.06,0.04,0.07,0.01
4,4,0.0,0.0,0.01,0.02,0.7,0.09,0.04,0.01,0.03,0.1
3,2,0.01,0.0,0.51,0.25,0.03,0.06,0.0,0.03,0.1,0.01
9,9,0.1,0.0,0.05,0.01,0.19,0.01,0.02,0.07,0.02,0.53
3,3,0.0,0.0,0.0,0.87,0.0,0.06,0.0,0.02,0.02,0.03
3,3,0.01,0.01,0.07,0.86,0.0,0.02,0.0,0.0,0.03,0.0
4,4,0.0,0.0,0.01,0.0,0.93,0.0,0.0,0.02,0.01,0.03
8,8,0.12,0.0,0.13,0.07,0.03,0.11,0.04,0.02,0.35,0.13
7,7,0.03,0.02,0.04,0.03,0.06,0.05,0.01,0.67,0.01,0.08
6,6,0.0,0.0,0.01,0.01,0.03,0.03,0.88,0.0,0.03,0.01
1,1,0.0,1.0,0.0,0.0,0.0,0.0,0.0,0.0,0.0,0.0
6,6,0.01,0.0,0.04,0.02,0.11,0.0,0.75,0.0,0.02,0.05
4,4,0.0,0.01,0.0,0.03,0.62,0.05,0.03,0.06,0.03,0.17
7,7,0.0,0.0,0.0,0.0,0.01,0.0,0.01,0.97,0.0,0.01
9,9,0.0,0.04,0.01,0.03,0.1,0.02,0.01,0.03,0.02,0.74
1,1,0.0,0.9,0.0,0.01,0.01,0.0,0.04,0.0,0.04,0.0
3,3,0.0,0.01,0.03,0.54,0.07,0.21,0.02,0.06,0.03,0.03
0,0,0.98,0.0,0.0,0.01,0.0,0.01,0.0,0.0,0.0,0.0
7,7,0.0,0.01,0.02,0.02,0.01,0.0,0.0,0.92,0.0,0.02
6,6,0.0,0.0,0.0,0.0,0.0,0.01,0.98,0.0,0.01,0.0
0,0,0.88,0.0,0.02,0.01,0.01,0.02,0.03,0.0,0.01,0.02
4,4,0.0,0.0,0.01,0.01,0.83,0.03,0.02,0.02,0.03,0.05
7,7,0.0,0.0,0.0,0.0,0.0,0.0,0.0,1.0,0.0,0.0
9,9,0.0,0.0,0.0,0.0,0.03,0.01,0.0,0.03,0.01,0.92
5,5,0.01,0.05,0.0,0.04,0.11,0.49,0.08,0.0,0.07,0.15
9,9,0.0,0.0,0.0,0.0,0.01,0.02,0.0,0.0,0.0,0.97
3,3,0.0,0.0,0.0,0.97,0.01,0.01,0.01,0.0,0.0,0.0
3,3,0.02,0.02,0.08,0.77,0.0,0.07,0.02,0.0,0.0,0.02
9,9,0.0,0.0,0.0,0.02,0.04,0.0,0.0,0.03,0.0,0.91
7,7,0.0,0.0,0.0,0.0,0.0,0.0,0.0,1.0,0.0,0.0
6,6,0.0,0.0,0.0,0.0,0.0,0.0,1.0,0.0,0.0,0.0
6,6,0.0,0.01,0.06,0.01,0.02,0.03,0.83,0.0,0.04,0.0
9,9,0.01,0.02,0.0,0.06,0.08,0.11,0.01,0.12,0.07,0.52
1,1,0.0,0.98,0.0,0.0,0.0,0.0,0.0,0.01,0.0,0.01
6,6,0.11,0.0,0.05,0.02,0.02,0.09,0.64,0.0,0.07,0.0
3,3,0.01,0.0,0.13,0.7,0.0,0.07,0.0,0.01,0.08,0.0
5,5,0.0,0.01,0.0,0.05,0.02,0.89,0.01,0.0,0.01,0.01
1,1,0.0,1.0,0.0,0.0,0.0,0.0,0.0,0.0,0.0,0.0
6,6,0.01,0.01,0.0,0.01,0.0,0.01,0.91,0.01,0.04,0.0
0,0,0.25,0.04,0.07,0.13,0.08,0.08,0.09,0.02,0.17,0.07
5,5,0.04,0.03,0.08,0.13,0.02,0.43,0.04,0.01,0.13,0.09
7,7,0.02,0.03,0.02,0.05,0.05,0.04,0.03,0.76,0.0,0.0
0,0,0.96,0.0,0.0,0.01,0.0,0.02,0.01,0.0,0.0,0.0
6,6,0.0,0.0,0.0,0.01,0.0,0.01,0.98,0.0,0.0,0.0
1,1,0.0,0.75,0.04,0.03,0.01,0.04,0.01,0.04,0.07,0.01
3,3,0.01,0.0,0.04,0.78,0.01,0.05,0.01,0.0,0.1,0.0
4,4,0.03,0.0,0.06,0.01,0.6,0.07,0.02,0.05,0.06,0.1
6,6,0.11,0.01,0.05,0.02,0.03,0.04,0.67,0.01,0.02,0.04
6,6,0.01,0.0,0.02,0.0,0.01,0.01,0.91,0.0,0.04,0.0
0,0,0.89,0.0,0.02,0.03,0.0,0.03,0.01,0.0,0.01,0.01
6,6,0.05,0.0,0.07,0.03,0.06,0.05,0.64,0.0,0.08,0.02
3,3,0.0,0.0,0.0,1.0,0.0,0.0,0.0,0.0,0.0,0.0
4,4,0.01,0.04,0.01,0.05,0.63,0.04,0.02,0.04,0.01,0.15
2,2,0.02,0.0,0.57,0.14,0.01,0.03,0.04,0.0,0.16,0.03
8,8,0.0,0.0,0.0,0.02,0.01,0.03,0.02,0.01,0.9,0.01
9,9,0.0,0.01,0.0,0.0,0.16,0.02,0.0,0.06,0.05,0.7
9,9,0.0,0.01,0.01,0.12,0.15,0.04,0.0,0.04,0.02,0.61
8,8,0.02,0.0,0.1,0.09,0.03,0.07,0.02,0.01,0.61,0.05
8,8,0.0,0.01,0.04,0.08,0.0,0.01,0.01,0.01,0.84,0.0
0,0,0.98,0.0,0.01,0.0,0.0,0.0,0.0,0.0,0.01,0.0
2,2,0.0,0.02,0.78,0.07,0.02,0.02,0.02,0.02,0.03,0.02
9,9,0.0,0.0,0.0,0.04,0.06,0.03,0.0,0.05,0.02,0.8
3,3,0.01,0.01,0.01,0.88,0.0,0.06,0.0,0.01,0.01,0.01
7,7,0.0,0.11,0.06,0.13,0.01,0.0,0.01,0.59,0.03,0.06
5,5,0.05,0.02,0.01,0.05,0.0,0.76,0.01,0.01,0.08,0.01
8,8,0.01,0.01,0.02,0.03,0.01,0.01,0.0,0.0,0.91,0.0
2,2,0.0,0.07,0.83,0.05,0.01,0.0,0.0,0.01,0.03,0.0
6,6,0.02,0.0,0.05,0.01,0.01,0.05,0.82,0.02,0.02,0.0
3,3,0.0,0.0,0.0,0.93,0.01,0.03,0.0,0.0,0.03,0.0
2,2,0.0,0.0,0.92,0.01,0.03,0.0,0.0,0.01,0.01,0.02
1,1,0.0,0.99,0.0,0.01,0.0,0.0,0.0,0.0,0.0,0.0
4,4,0.01,0.03,0.03,0.02,0.53,0.11,0.05,0.05,0.05,0.12
1,1,0.01,0.43,0.0,0.04,0.13,0.08,0.04,0.05,0.08,0.14
7,7,0.0,0.0,0.0,0.0,0.0,0.01,0.0,0.77,0.0,0.22
6,6,0.01,0.0,0.0,0.02,0.01,0.08,0.87,0.0,0.01,0.0
9,9,0.0,0.03,0.0,0.01,0.14,0.07,0.01,0.18,0.04,0.52
7,7,0.0,0.04,0.04,0.0,0.01,0.01,0.01,0.83,0.01,0.05
3,3,0.02,0.0,0.0,0.67,0.0,0.25,0.0,0.0,0.02,0.04
5,5,0.03,0.0,0.04,0.07,0.05,0.65,0.01,0.02,0.11,0.02
1,1,0.0,0.89,0.02,0.02,0.02,0.0,0.02,0.02,0.01,0.0
3,3,0.11,0.01,0.04,0.32,0.01,0.26,0.01,0.14,0.06,0.04
4,4,0.0,0.02,0.0,0.01,0.89,0.0,0.01,0.03,0.02,0.02
6,6,0.05,0.0,0.08,0.01,0.04,0.01,0.69,0.01,0.1,0.01
0,0,0.94,0.0,0.02,0.01,0.01,0.02,0.0,0.0,0.0,0.0
6,6,0.04,0.05,0.02,0.02,0.02,0.14,0.47,0.02,0.21,0.01
6,6,0.0,0.0,0.01,0.0,0.0,0.0,0.97,0.0,0.01,0.01
6,6,0.0,0.0,0.0,0.01,0.0,0.01,0.97,0.0,0.0,0.01
5,5,0.01,0.0,0.01,0.03,0.01,0.9,0.02,0.0,0.02,0.0
9,9,0.0,0.0,0.0,0.0,0.05,0.0,0.0,0.01,0.0,0.94
4,4,0.01,0.03,0.0,0.02,0.73,0.02,0.02,0.03,0.08,0.06
4,9,0.02,0.0,0.05,0.0,0.39,0.03,0.03,0.06,0.02,0.4
6,6,0.02,0.0,0.01,0.02,0.02,0.03,0.89,0.0,0.0,0.01
0,0,0.96,0.0,0.0,0.01,0.0,0.01,0.01,0.01,0.0,0.0
4,4,0.0,0.02,0.0,0.05,0.71,0.03,0.01,0.0,0.06,0.12
7,7,0.0,0.0,0.0,0.0,0.0,0.0,0.0,0.99,0.0,0.01
4,4,0.0,0.1,0.06,0.07,0.43,0.03,0.04,0.06,0.04,0.17
8,8,0.07,0.01,0.12,0.06,0.08,0.08,0.1,0.02,0.32,0.14
1,1,0.0,0.96,0.0,0.03,0.0,0.0,0.0,0.01,0.0,0.0
9,9,0.0,0.0,0.02,0.03,0.04,0.03,0.01,0.09,0.07,0.71
7,7,0.0,0.0,0.0,0.0,0.01,0.01,0.0,0.97,0.01,0.0
5,5,0.01,0.0,0.01,0.1,0.02,0.7,0.0,0.01,0.07,0.08
4,4,0.01,0.0,0.02,0.01,0.49,0.08,0.03,0.04,0.2,0.12
6,6,0.0,0.0,0.0,0.0,0.0,0.0,1.0,0.0,0.0,0.0
8,8,0.0,0.0,0.0,0.01,0.0,0.0,0.0,0.0,0.99,0.0
2,2,0.03,0.04,0.32,0.11,0.06,0.01,0.01,0.32,0.03,0.07
0,0,0.85,0.0,0.07,0.03,0.0,0.04,0.01,0.0,0.0,0.0
4,4,0.0,0.0,0.08,0.01,0.71,0.01,0.01,0.05,0.01,0.12
4,4,0.03,0.0,0.02,0.03,0.71,0.03,0.04,0.02,0.07,0.05
1,1,0.0,1.0,0.0,0.0,0.0,0.0,0.0,0.0,0.0,0.0
0,0,0.96,0.0,0.0,0.01,0.0,0.01,0.0,0.0,0.0,0.02
4,4,0.0,0.0,0.01,0.02,0.92,0.0,0.0,0.02,0.0,0.03
2,2,0.02,0.0,0.86,0.02,0.0,0.01,0.02,0.0,0.07,0.0
7,7,0.0,0.0,0.02,0.0,0.0,0.01,0.0,0.95,0.01,0.01
8,8,0.02,0.04,0.03,0.07,0.04,0.18,0.13,0.0,0.48,0.01
1,1,0.0,1.0,0.0,0.0,0.0,0.0,0.0,0.0,0.0,0.0
2,2,0.0,0.0,0.91,0.03,0.0,0.0,0.02,0.0,0.03,0.01
4,4,0.0,0.0,0.01,0.0,0.86,0.01,0.01,0.03,0.01,0.07
5,5,0.0,0.01,0.02,0.16,0.04,0.59,0.01,0.01,0.03,0.13
4,4,0.0,0.0,0.01,0.01,0.81,0.0,0.0,0.02,0.01,0.14
8,8,0.01,0.0,0.02,0.0,0.01,0.04,0.04,0.03,0.7,0.15
1,1,0.0,0.85,0.01,0.0,0.0,0.0,0.03,0.01,0.09,0.01
9,9,0.0,0.0,0.01,0.0,0.1,0.03,0.0,0.08,0.01,0.77
2,2,0.0,0.02,0.97,0.01,0.0,0.0,0.0,0.0,0.0,0.0
0,0,0.98,0.0,0.0,0.0,0.0,0.01,0.01,0.0,0.0,0.0
9,9,0.0,0.0,0.0,0.0,0.01,0.01,0.0,0.09,0.0,0.89
3,9,0.0,0.02,0.08,0.2,0.11,0.07,0.01,0.18,0.04,0.29
1,1,0.0,1.0,0.0,0.0,0.0,0.0,0.0,0.0,0.0,0.0
2,2,0.01,0.01,0.81,0.05,0.0,0.01,0.02,0.01,0.07,0.01
9,9,0.0,0.0,0.0,0.03,0.04,0.04,0.0,0.03,0.0,0.86
2,2,0.0,0.01,0.69,0.08,0.02,0.02,0.02,0.03,0.12,0.01
0,0,0.93,0.0,0.01,0.02,0.0,0.03,0.0,0.0,0.0,0.01
8,8,0.03,0.02,0.0,0.12,0.07,0.05,0.01,0.0,0.66,0.04
9,9,0.0,0.0,0.02,0.25,0.15,0.08,0.03,0.09,0.06,0.32
2,2,0.03,0.01,0.38,0.05,0.2,0.03,0.2,0.03,0.02,0.05
7,7,0.0,0.2,0.06,0.04,0.01,0.01,0.01,0.54,0.03,0.1
4,4,0.01,0.0,0.03,0.0,0.81,0.01,0.03,0.0,0.06,0.05
0,0,0.97,0.0,0.0,0.0,0.0,0.02,0.01,0.0,0.0,0.0
1,1,0.0,1.0,0.0,0.0,0.0,0.0,0.0,0.0,0.0,0.0
2,2,0.01,0.08,0.44,0.1,0.01,0.06,0.06,0.02,0.22,0.0
0,0,0.42,0.01,0.06,0.07,0.03,0.2,0.05,0.03,0.11,0.02
0,0,0.89,0.0,0.01,0.02,0.0,0.03,0.02,0.0,0.01,0.02
5,5,0.02,0.01,0.01,0.11,0.06,0.62,0.04,0.0,0.07,0.06
0,0,0.97,0.0,0.0,0.0,0.0,0.01,0.0,0.0,0.01,0.01
8,8,0.01,0.06,0.05,0.13,0.02,0.01,0.03,0.0,0.67,0.02
4,4,0.0,0.0,0.04,0.01,0.74,0.04,0.06,0.02,0.04,0.05
8,8,0.01,0.0,0.05,0.01,0.02,0.02,0.02,0.01,0.84,0.02
2,2,0.02,0.01,0.81,0.07,0.01,0.01,0.01,0.0,0.05,0.01
1,1,0.0,1.0,0.0,0.0,0.0,0.0,0.0,0.0,0.0,0.0
4,4,0.01,0.03,0.03,0.02,0.52,0.05,0.01,0.15,0.01,0.17
0,0,0.97,0.0,0.0,0.02,0.0,0.0,0.0,0.0,0.01,0.0
2,2,0.01,0.12,0.72,0.05,0.0,0.02,0.02,0.03,0.03,0.0
2,2,0.0,0.0,0.59,0.08,0.11,0.03,0.0,0.11,0.01,0.07
2,2,0.0,0.05,0.83,0.02,0.0,0.02,0.02,0.02,0.03,0.01
6,6,0.0,0.0,0.01,0.0,0.03,0.0,0.94,0.0,0.01,0.01
4,4,0.0,0.01,0.03,0.02,0.79,0.03,0.06,0.01,0.01,0.04
3,3,0.03,0.01,0.05,0.72,0.0,0.04,0.02,0.0,0.12,0.01
3,3,0.05,0.0,0.07,0.6,0.01,0.13,0.04,0.01,0.08,0.01
4,9,0.01,0.04,0.03,0.08,0.18,0.16,0.07,0.14,0.08,0.21
8,8,0.01,0.01,0.06,0.01,0.02,0.0,0.01,0.0,0.88,0.0
1,1,0.0,0.59,0.1,0.03,0.05,0.0,0.0,0.16,0.04,0.03
1,1,0.0,0.95,0.02,0.02,0.0,0.0,0.0,0.01,0.0,0.0
3,3,0.01,0.02,0.03,0.61,0.05,0.22,0.0,0.0,0.05,0.01
5,5,0.01,0.0,0.01,0.04,0.0,0.89,0.01,0.0,0.03,0.01
7,2,0.01,0.21,0.37,0.1,0.02,0.02,0.01,0.2,0.04,0.02
6,6,0.01,0.01,0.1,0.0,0.02,0.01,0.82,0.0,0.02,0.01
2,2,0.01,0.02,0.78,0.05,0.01,0.01,0.01,0.0,0.09,0.02
6,6,0.01,0.01,0.05,0.02,0.12,0.01,0.71,0.04,0.02,0.01
7,7,0.0,0.01,0.08,0.09,0.01,0.01,0.0,0.7,0.02,0.08
8,8,0.03,0.0,0.02,0.11,0.05,0.11,0.01,0.0,0.58,0.09
8,8,0.0,0.06,0.09,0.08,0.03,0.12,0.01,0.09,0.4,0.12
4,4,0.03,0.03,0.03,0.0,0.54,0.05,0.0,0.04,0.01,0.27
7,7,0.02,0.01,0.03,0.01,0.02,0.05,0.0,0.81,0.02,0.03
4,4,0.0,0.0,0.0,0.0,0.71,0.01,0.0,0.05,0.02,0.21
3,3,0.0,0.0,0.02,0.84,0.03,0.05,0.0,0.03,0.01,0.02
6,6,0.02,0.0,0.0,0.0,0.0,0.02,0.94,0.0,0.02,0.0
6,6,0.01,0.0,0.05,0.0,0.0,0.01,0.9,0.0,0.01,0.02
7,7,0.14,0.03,0.05,0.12,0.01,0.04,0.03,0.56,0.01,0.01
8,8,0.0,0.03,0.04,0.03,0.01,0.0,0.01,0.02,0.84,0.02
4,4,0.0,0.0,0.0,0.03,0.81,0.01,0.0,0.03,0.03,0.09
9,8,0.02,0.03,0.02,0.08,0.13,0.14,0.03,0.02,0.27,0.26
3,7,0.01,0.12,0.19,0.14,0.11,0.03,0.04,0.22,0.06,0.08
5,5,0.0,0.04,0.01,0.05,0.0,0.85,0.0,0.01,0.02,0.02
2,2,0.03,0.03,0.53,0.15,0.01,0.06,0.03,0.0,0.16,0.0
0,0,0.97,0.0,0.0,0.0,0.0,0.03,0.0,0.0,0.0,0.0
5,5,0.17,0.01,0.06,0.08,0.0,0.67,0.0,0.0,0.0,0.01
5,5,0.0,0.0,0.0,0.01,0.0,0.95,0.01,0.02,0.01,0.0
9,9,0.01,0.0,0.01,0.01,0.12,0.01,0.0,0.1,0.01,0.73
4,4,0.01,0.01,0.0,0.0,0.95,0.0,0.0,0.01,0.01,0.01
7,7,0.04,0.01,0.22,0.09,0.0,0.02,0.01,0.57,0.04,0.0
8,8,0.0,0.08,0.02,0.09,0.05,0.23,0.07,0.04,0.38,0.04
9,9,0.0,0.0,0.0,0.02,0.03,0.01,0.0,0.0,0.0,0.94
4,4,0.0,0.0,0.01,0.0,0.8,0.02,0.02,0.05,0.06,0.04
2,2,0.04,0.0,0.8,0.02,0.02,0.01,0.02,0.0,0.05,0.04
7,7,0.02,0.01,0.0,0.01,0.03,0.01,0.0,0.74,0.02,0.16
1,1,0.0,0.89,0.01,0.02,0.03,0.01,0.0,0.0,0.04,0.0
2,2,0.03,0.01,0.44,0.13,0.04,0.01,0.08,0.17,0.02,0.07
6,6,0.04,0.01,0.06,0.04,0.02,0.05,0.75,0.0,0.02,0.01
4,4,0.02,0.26,0.09,0.05,0.28,0.06,0.11,0.04,0.05,0.04
4,4,0.0,0.0,0.01,0.0,0.94,0.0,0.01,0.0,0.01,0.03
5,5,0.01,0.12,0.02,0.1,0.01,0.34,0.03,0.0,0.34,0.03
1,1,0.0,1.0,0.0,0.0,0.0,0.0,0.0,0.0,0.0,0.0
3,3,0.02,0.0,0.03,0.69,0.04,0.07,0.02,0.05,0.06,0.02
3,3,0.0,0.03,0.04,0.86,0.02,0.0,0.01,0.0,0.02,0.02
0,0,0.92,0.0,0.01,0.0,0.01,0.03,0.0,0.02,0.0,0.01
6,6,0.02,0.01,0.07,0.01,0.0,0.01,0.84,0.0,0.04,0.0
5,5,0.06,0.0,0.04,0.22,0.01,0.42,0.04,0.02,0.16,0.03
2,2,0.02,0.04,0.62,0.06,0.03,0.02,0.06,0.03,0.09,0.03
8,8,0.02,0.02,0.12,0.09,0.08,0.03,0.1,0.01,0.48,0.05
5,2,0.15,0.01,0.22,0.1,0.02,0.19,0.07,0.07,0.04,0.13
8,5,0.06,0.02,0.02,0.05,0.12,0.29,0.17,0.04,0.19,0.04
8,8,0.0,0.11,0.01,0.16,0.04,0.15,0.03,0.05,0.39,0.06
3,3,0.0,0.0,0.0,0.9,0.03,0.03,0.0,0.0,0.02,0.02
2,2,0.02,0.0,0.8,0.04,0.03,0.02,0.06,0.0,0.02,0.01
5,5,0.0,0.0,0.0,0.0,0.0,0.94,0.01,0.01,0.02,0.02
5,5,0.01,0.01,0.02,0.14,0.01,0.66,0.02,0.02,0.1,0.01
3,3,0.01,0.01,0.01,0.75,0.02,0.16,0.0,0.01,0.02,0.01
6,6,0.0,0.0,0.02,0.0,0.01,0.03,0.93,0.0,0.01,0.0
7,7,0.0,0.0,0.0,0.01,0.0,0.0,0.0,0.98,0.0,0.01
2,2,0.02,0.01,0.78,0.03,0.0,0.0,0.0,0.09,0.04,0.03
4,4,0.0,0.0,0.0,0.02,0.51,0.0,0.02,0.05,0.07,0.33
2,2,0.0,0.0,0.85,0.02,0.02,0.0,0.02,0.03,0.02,0.04
0,0,0.99,0.0,0.0,0.0,0.0,0.0,0.0,0.0,0.0,0.01
4,4,0.03,0.0,0.06,0.02,0.66,0.01,0.07,0.03,0.03,0.09
9,9,0.0,0.0,0.01,0.04,0.12,0.01,0.01,0.06,0.01,0.74
6,6,0.0,0.0,0.03,0.0,0.03,0.02,0.85,0.0,0.07,0.0
4,4,0.01,0.0,0.0,0.0,0.87,0.0,0.04,0.03,0.0,0.05
8,8,0.02,0.01,0.06,0.02,0.04,0.05,0.04,0.01,0.72,0.03
0,0,0.71,0.0,0.05,0.03,0.06,0.06,0.08,0.0,0.01,0.0
8,8,0.0,0.04,0.01,0.02,0.0,0.0,0.0,0.02,0.86,0.05
1,1,0.0,0.93,0.02,0.0,0.01,0.0,0.0,0.01,0.03,0.0
3,3,0.11,0.02,0.02,0.45,0.0,0.15,0.09,0.01,0.08,0.07
3,3,0.0,0.01,0.07,0.47,0.08,0.0,0.02,0.11,0.02,0.22
3,9,0.0,0.01,0.05,0.18,0.11,0.02,0.02,0.12,0.05,0.44
5,5,0.01,0.01,0.04,0.16,0.02,0.61,0.07,0.01,0.06,0.01
6,6,0.01,0.0,0.02,0.01,0.02,0.03,0.86,0.01,0.03,0.01
8,8,0.0,0.02,0.02,0.01,0.0,0.0,0.0,0.01,0.91,0.03
0,0,0.98,0.0,0.0,0.01,0.0,0.01,0.0,0.0,0.0,0.0
0,0,0.92,0.0,0.01,0.0,0.02,0.03,0.0,0.01,0.0,0.01
0,0,1.0,0.0,0.0,0.0,0.0,0.0,0.0,0.0,0.0,0.0
2,2,0.01,0.01,0.9,0.02,0.01,0.01,0.0,0.01,0.03,0.0
1,1,0.0,0.37,0.27,0.11,0.02,0.04,0.15,0.01,0.03,0.0
3,3,0.01,0.01,0.04,0.6,0.04,0.23,0.03,0.01,0.01,0.02
2,2,0.01,0.06,0.87,0.04,0.0,0.0,0.0,0.01,0.01,0.0
7,7,0.02,0.0,0.0,0.03,0.01,0.0,0.0,0.94,0.0,0.0
3,3,0.01,0.1,0.23,0.38,0.01,0.01,0.01,0.12,0.13,0.0
9,9,0.0,0.01,0.02,0.01,0.09,0.01,0.01,0.03,0.04,0.78
2,2,0.0,0.04,0.78,0.08,0.0,0.0,0.0,0.02,0.08,0.0
6,6,0.0,0.0,0.02,0.0,0.01,0.01,0.95,0.0,0.01,0.0
8,8,0.01,0.01,0.02,0.04,0.05,0.06,0.0,0.14,0.48,0.19
1,1,0.01,0.58,0.08,0.06,0.03,0.02,0.01,0.01,0.2,0.0
7,7,0.0,0.0,0.0,0.0,0.0,0.0,0.0,1.0,0.0,0.0
6,6,0.11,0.02,0.03,0.01,0.02,0.02,0.77,0.0,0.01,0.01
6,6,0.01,0.03,0.09,0.0,0.08,0.02,0.74,0.0,0.03,0.0
2,2,0.07,0.02,0.4,0.03,0.1,0.09,0.13,0.02,0.11,0.03
7,7,0.0,0.0,0.01,0.0,0.0,0.0,0.0,0.99,0.0,0.0
4,4,0.02,0.0,0.03,0.0,0.5,0.04,0.01,0.01,0.02,0.37
1,1,0.0,1.0,0.0,0.0,0.0,0.0,0.0,0.0,0.0,0.0
8,1,0.0,0.47,0.02,0.02,0.0,0.05,0.01,0.0,0.42,0.01
5,5,0.04,0.03,0.06,0.03,0.02,0.43,0.26,0.0,0.12,0.01
1,1,0.0,0.99,0.0,0.0,0.0,0.0,0.0,0.0,0.0,0.01
8,8,0.03,0.0,0.04,0.05,0.03,0.11,0.01,0.0,0.72,0.01
0,0,0.76,0.0,0.03,0.04,0.02,0.01,0.03,0.01,0.06,0.04
2,2,0.01,0.0,0.9,0.03,0.0,0.02,0.01,0.0,0.03,0.0
1,1,0.0,1.0,0.0,0.0,0.0,0.0,0.0,0.0,0.0,0.0
9,9,0.0,0.0,0.03,0.01,0.14,0.0,0.0,0.19,0.0,0.63
1,1,0.0,0.75,0.02,0.06,0.01,0.02,0.0,0.1,0.01,0.03
7,7,0.01,0.01,0.0,0.01,0.06,0.02,0.0,0.84,0.0,0.05
4,4,0.03,0.07,0.05,0.04,0.31,0.12,0.05,0.06,0.22,0.05
8,8,0.01,0.01,0.07,0.15,0.0,0.1,0.02,0.01,0.63,0.0
6,6,0.01,0.01,0.08,0.02,0.03,0.03,0.71,0.03,0.04,0.04
1,1,0.0,1.0,0.0,0.0,0.0,0.0,0.0,0.0,0.0,0.0
4,4,0.01,0.0,0.01,0.02,0.69,0.05,0.01,0.03,0.02,0.16
4,4,0.02,0.0,0.09,0.02,0.51,0.04,0.1,0.03,0.06,0.13
4,4,0.01,0.0,0.01,0.01,0.81,0.0,0.02,0.01,0.04,0.09
7,7,0.0,0.0,0.0,0.0,0.0,0.0,0.0,0.99,0.01,0.0
4,4,0.0,0.0,0.01,0.02,0.8,0.01,0.01,0.02,0.02,0.11
3,3,0.0,0.02,0.1,0.51,0.05,0.05,0.04,0.02,0.16,0.05
3,3,0.0,0.01,0.05,0.63,0.02,0.17,0.01,0.01,0.08,0.02
5,5,0.01,0.0,0.01,0.06,0.0,0.91,0.0,0.0,0.01,0.0
9,9,0.0,0.0,0.0,0.0,0.02,0.0,0.0,0.0,0.0,0.98
0,0,0.98,0.0,0.0,0.0,0.0,0.0,0.0,0.0,0.01,0.01
2,2,0.01,0.0,0.86,0.02,0.01,0.01,0.04,0.03,0.01,0.01
9,9,0.0,0.13,0.02,0.14,0.04,0.04,0.0,0.22,0.02,0.39
7,7,0.01,0.11,0.02,0.02,0.04,0.04,0.0,0.71,0.03,0.02
7,7,0.0,0.01,0.0,0.01,0.07,0.07,0.01,0.77,0.0,0.06
8,8,0.09,0.01,0.13,0.03,0.06,0.05,0.07,0.03,0.5,0.03
0,0,0.93,0.0,0.0,0.01,0.0,0.03,0.0,0.01,0.0,0.02
3,3,0.0,0.03,0.05,0.45,0.04,0.09,0.05,0.01,0.26,0.02
1,1,0.0,0.99,0.0,0.0,0.0,0.01,0.0,0.0,0.0,0.0
7,7,0.0,0.0,0.01,0.0,0.0,0.01,0.0,0.97,0.01,0.0
2,2,0.03,0.0,0.57,0.19,0.02,0.1,0.02,0.01,0.05,0.01
7,7,0.01,0.0,0.0,0.0,0.0,0.02,0.0,0.97,0.0,0.0
8,8,0.03,0.04,0.12,0.03,0.08,0.15,0.1,0.05,0.35,0.05
5,5,0.01,0.01,0.0,0.05,0.02,0.84,0.0,0.0,0.06,0.01
8,8,0.02,0.01,0.04,0.05,0.01,0.06,0.06,0.02,0.71,0.02
3,3,0.01,0.0,0.0,0.88,0.0,0.06,0.0,0.0,0.04,0.01
9,9,0.0,0.0,0.0,0.0,0.03,0.0,0.0,0.0,0.0,0.97
3,3,0.01,0.0,0.01,0.87,0.0,0.06,0.01,0.0,0.01,0.03
6,6,0.0,0.01,0.0,0.0,0.0,0.04,0.93,0.0,0.02,0.0
9,9,0.0,0.08,0.01,0.06,0.25,0.06,0.02,0.16,0.05,0.31
7,7,0.0,0.01,0.01,0.01,0.01,0.0,0.0,0.89,0.0,0.07
6,6,0.07,0.0,0.01,0.0,0.03,0.24,0.5,0.0,0.13,0.02
6,6,0.01,0.0,0.02,0.02,0.13,0.03,0.75,0.02,0.02,0.0
2,2,0.02,0.01,0.87,0.05,0.0,0.03,0.01,0.01,0.0,0.0
1,1,0.0,0.98,0.0,0.01,0.0,0.0,0.0,0.01,0.0,0.0
9,9,0.0,0.0,0.0,0.0,0.0,0.01,0.0,0.01,0.01,0.97
7,7,0.0,0.0,0.0,0.01,0.0,0.0,0.0,0.98,0.0,0.01
3,3,0.04,0.02,0.13,0.66,0.0,0.09,0.0,0.0,0.06,0.0
7,7,0.0,0.0,0.01,0.02,0.0,0.0,0.0,0.94,0.0,0.03
2,2,0.02,0.03,0.78,0.02,0.0,0.01,0.01,0.08,0.05,0.0
6,6,0.0,0.0,0.01,0.03,0.05,0.01,0.87,0.01,0.01,0.01
3,3,0.0,0.02,0.08,0.65,0.04,0.07,0.01,0.04,0.05,0.04
3,3,0.0,0.0,0.03,0.55,0.05,0.09,0.02,0.1,0.04,0.12
3,3,0.0,0.0,0.05,0.83,0.02,0.05,0.0,0.02,0.03,0.0
8,8,0.0,0.09,0.25,0.15,0.0,0.04,0.02,0.0,0.45,0.0
5,5,0.1,0.0,0.03,0.15,0.01,0.54,0.05,0.0,0.06,0.06
9,9,0.01,0.01,0.03,0.03,0.19,0.02,0.02,0.07,0.06,0.56
4,4,0.0,0.0,0.0,0.0,0.93,0.02,0.0,0.02,0.0,0.03
9,9,0.0,0.0,0.01,0.01,0.05,0.01,0.0,0.04,0.02,0.86
1,1,0.0,1.0,0.0,0.0,0.0,0.0,0.0,0.0,0.0,0.0
6,6,0.02,0.0,0.02,0.0,0.01,0.0,0.95,0.0,0.0,0.0
3,3,0.0,0.06,0.07,0.35,0.04,0.03,0.0,0.05,0.33,0.07
0,0,0.68,0.0,0.04,0.05,0.01,0.04,0.04,0.01,0.11,0.02
8,8,0.0,0.08,0.03,0.02,0.0,0.01,0.0,0.0,0.86,0.0
6,4,0.0,0.0,0.07,0.0,0.54,0.03,0.3,0.05,0.0,0.01
6,6,0.02,0.02,0.07,0.02,0.04,0.06,0.77,0.0,0.0,0.0
1,1,0.0,0.94,0.0,0.01,0.0,0.0,0.0,0.04,0.01,0.0
3,3,0.01,0.02,0.02,0.87,0.01,0.05,0.0,0.0,0.0,0.02
7,7,0.0,0.0,0.01,0.01,0.0,0.0,0.01,0.96,0.0,0.01
2,2,0.0,0.02,0.63,0.07,0.0,0.07,0.2,0.0,0.01,0.0
8,8,0.01,0.15,0.01,0.02,0.01,0.01,0.0,0.02,0.75,0.02
8,8,0.1,0.04,0.09,0.15,0.01,0.26,0.01,0.01,0.31,0.02
3,3,0.0,0.0,0.0,0.96,0.0,0.02,0.0,0.01,0.0,0.01
7,7,0.0,0.0,0.0,0.0,0.0,0.0,0.0,0.99,0.0,0.01
9,4,0.01,0.0,0.01,0.12,0.39,0.01,0.01,0.1,0.01,0.34
6,6,0.01,0.0,0.01,0.0,0.02,0.0,0.96,0.0,0.0,0.0
1,1,0.0,0.93,0.02,0.02,0.0,0.0,0.0,0.01,0.02,0.0
5,5,0.07,0.0,0.0,0.13,0.0,0.77,0.0,0.01,0.0,0.02
1,1,0.0,1.0,0.0,0.0,0.0,0.0,0.0,0.0,0.0,0.0
5,5,0.11,0.0,0.06,0.19,0.03,0.41,0.17,0.0,0.01,0.02
8,8,0.02,0.01,0.03,0.07,0.01,0.02,0.03,0.01,0.77,0.03
6,6,0.0,0.01,0.01,0.01,0.01,0.03,0.9,0.0,0.03,0.0
3,3,0.01,0.02,0.0,0.88,0.0,0.08,0.01,0.0,0.0,0.0
3,3,0.03,0.0,0.0,0.79,0.0,0.13,0.0,0.01,0.02,0.02
1,1,0.0,0.71,0.05,0.06,0.03,0.07,0.01,0.05,0.02,0.0
4,4,0.0,0.0,0.01,0.01,0.92,0.01,0.01,0.03,0.0,0.01
2,2,0.16,0.02,0.42,0.18,0.0,0.1,0.03,0.02,0.03,0.04
6,6,0.01,0.0,0.01,0.0,0.01,0.0,0.97,0.0,0.0,0.0
0,0,0.79,0.0,0.02,0.03,0.0,0.06,0.01,0.05,0.01,0.03
0,0,0.94,0.0,0.01,0.01,0.0,0.03,0.0,0.01,0.0,0.0
5,5,0.0,0.0,0.01,0.05,0.0,0.84,0.02,0.0,0.07,0.01
3,3,0.0,0.0,0.0,0.89,0.01,0.03,0.01,0.01,0.05,0.0
7,7,0.0,0.0,0.01,0.01,0.01,0.01,0.0,0.95,0.0,0.01
2,7,0.0,0.04,0.07,0.07,0.03,0.0,0.0,0.69,0.01,0.09
6,6,0.0,0.0,0.13,0.02,0.07,0.01,0.69,0.02,0.03,0.03
8,8,0.01,0.0,0.04,0.0,0.01,0.02,0.0,0.0,0.91,0.01
8,8,0.01,0.0,0.02,0.01,0.02,0.02,0.0,0.0,0.92,0.0
6,5,0.13,0.0,0.06,0.1,0.03,0.3,0.11,0.04,0.17,0.06
8,8,0.0,0.02,0.1,0.04,0.0,0.01,0.0,0.0,0.83,0.0
3,3,0.04,0.0,0.14,0.35,0.02,0.02,0.0,0.04,0.35,0.04
8,8,0.01,0.01,0.08,0.05,0.1,0.1,0.0,0.04,0.53,0.08
2,2,0.0,0.01,0.82,0.08,0.0,0.0,0.0,0.0,0.09,0.0
8,8,0.02,0.0,0.03,0.02,0.01,0.01,0.01,0.0,0.9,0.0
0,0,0.9,0.0,0.02,0.01,0.0,0.01,0.03,0.01,0.0,0.02
5,5,0.02,0.01,0.01,0.11,0.01,0.68,0.02,0.0,0.09,0.05
9,9,0.01,0.0,0.05,0.0,0.01,0.0,0.02,0.04,0.03,0.84
8,8,0.03,0.03,0.09,0.08,0.01,0.02,0.01,0.0,0.73,0.0
4,4,0.0,0.0,0.0,0.01,0.95,0.0,0.0,0.02,0.0,0.02
4,4,0.0,0.01,0.02,0.02,0.66,0.04,0.02,0.05,0.02,0.16
1,1,0.0,0.95,0.0,0.01,0.02,0.02,0.0,0.0,0.0,0.0
7,7,0.0,0.0,0.0,0.0,0.0,0.0,0.0,1.0,0.0,0.0
4,8,0.02,0.02,0.07,0.05,0.24,0.02,0.02,0.09,0.34,0.13
3,3,0.0,0.03,0.1,0.63,0.01,0.09,0.04,0.0,0.07,0.03
3,3,0.02,0.01,0.09,0.55,0.02,0.14,0.05,0.01,0.06,0.05
5,5,0.01,0.03,0.05,0.0,0.17,0.5,0.03,0.06,0.12,0.03
9,9,0.0,0.0,0.01,0.01,0.03,0.03,0.0,0.29,0.0,0.63
2,2,0.0,0.03,0.58,0.1,0.07,0.02,0.04,0.01,0.06,0.09
9,9,0.0,0.01,0.01,0.03,0.08,0.0,0.01,0.11,0.03,0.72
1,1,0.0,1.0,0.0,0.0,0.0,0.0,0.0,0.0,0.0,0.0
3,3,0.01,0.0,0.05,0.75,0.0,0.13,0.01,0.0,0.04,0.01
0,0,0.95,0.0,0.01,0.01,0.0,0.0,0.02,0.01,0.0,0.0
1,1,0.0,1.0,0.0,0.0,0.0,0.0,0.0,0.0,0.0,0.0
9,8,0.03,0.0,0.05,0.16,0.17,0.14,0.01,0.1,0.19,0.15
3,3,0.03,0.01,0.08,0.53,0.03,0.11,0.01,0.02,0.09,0.09
7,7,0.01,0.03,0.01,0.0,0.0,0.0,0.03,0.85,0.03,0.04
9,9,0.0,0.0,0.0,0.0,0.14,0.03,0.0,0.08,0.0,0.75
5,5,0.0,0.0,0.0,0.02,0.04,0.78,0.04,0.01,0.04,0.07
1,1,0.0,0.91,0.02,0.02,0.0,0.02,0.0,0.01,0.01,0.01
6,6,0.19,0.0,0.01,0.08,0.0,0.03,0.66,0.0,0.02,0.01
4,4,0.0,0.01,0.0,0.04,0.55,0.16,0.14,0.01,0.03,0.06
2,2,0.1,0.02,0.68,0.02,0.01,0.08,0.01,0.01,0.0,0.07
2,2,0.02,0.0,0.52,0.02,0.04,0.04,0.03,0.09,0.02,0.22
2,2,0.1,0.0,0.53,0.05,0.05,0.02,0.09,0.0,0.14,0.02
3,3,0.01,0.01,0.0,0.88,0.01,0.05,0.0,0.0,0.04,0.0
2,2,0.0,0.0,0.81,0.05,0.02,0.0,0.02,0.04,0.05,0.01
5,5,0.04,0.0,0.01,0.02,0.03,0.62,0.04,0.01,0.12,0.11
0,0,1.0,0.0,0.0,0.0,0.0,0.0,0.0,0.0,0.0,0.0
2,2,0.02,0.0,0.87,0.05,0.01,0.02,0.0,0.01,0.02,0.0
3,3,0.04,0.0,0.02,0.74,0.0,0.03,0.14,0.0,0.02,0.01
9,9,0.0,0.0,0.01,0.01,0.04,0.07,0.01,0.06,0.03,0.77
9,8,0.0,0.03,0.08,0.07,0.06,0.04,0.01,0.14,0.31,0.26
7,7,0.0,0.0,0.0,0.02,0.01,0.01,0.0,0.95,0.0,0.01
6,6,0.08,0.0,0.03,0.04,0.01,0.04,0.76,0.01,0.03,0.0
6,6,0.0,0.0,0.01,0.0,0.06,0.0,0.92,0.0,0.0,0.01
1,1,0.0,0.92,0.01,0.01,0.0,0.01,0.01,0.0,0.03,0.01
8,8,0.02,0.0,0.09,0.03,0.03,0.07,0.03,0.0,0.71,0.02
1,1,0.0,0.99,0.0,0.01,0.0,0.0,0.0,0.0,0.0,0.0
1,1,0.0,0.91,0.0,0.01,0.0,0.01,0.01,0.01,0.04,0.01
4,4,0.0,0.01,0.0,0.01,0.89,0.02,0.0,0.02,0.0,0.05
7,7,0.01,0.21,0.02,0.02,0.11,0.07,0.0,0.35,0.04,0.17
9,9,0.0,0.0,0.05,0.03,0.07,0.01,0.03,0.09,0.08,0.64
4,4,0.0,0.0,0.0,0.0,0.95,0.0,0.0,0.0,0.0,0.05
5,5,0.0,0.0,0.0,0.08,0.06,0.74,0.02,0.01,0.01,0.08
9,9,0.0,0.0,0.0,0.02,0.02,0.01,0.0,0.0,0.01,0.94
1,1,0.0,0.94,0.01,0.0,0.0,0.0,0.0,0.03,0.01,0.01
3,3,0.03,0.0,0.07,0.52,0.12,0.07,0.06,0.04,0.05,0.04
7,7,0.0,0.0,0.01,0.0,0.0,0.01,0.0,0.94,0.0,0.04
1,1,0.0,0.99,0.0,0.0,0.0,0.01,0.0,0.0,0.0,0.0
9,7,0.0,0.06,0.01,0.03,0.02,0.03,0.0,0.45,0.03,0.37
3,3,0.05,0.01,0.07,0.48,0.0,0.18,0.07,0.02,0.1,0.02
9,9,0.0,0.0,0.0,0.01,0.03,0.01,0.0,0.02,0.0,0.93
5,5,0.01,0.01,0.01,0.28,0.0,0.58,0.01,0.0,0.1,0.0
1,1,0.0,0.92,0.04,0.0,0.0,0.01,0.03,0.0,0.0,0.0
8,8,0.04,0.0,0.03,0.33,0.02,0.11,0.05,0.0,0.39,0.03
0,0,0.98,0.0,0.0,0.0,0.0,0.02,0.0,0.0,0.0,0.0
7,7,0.0,0.0,0.0,0.0,0.0,0.0,0.0,0.95,0.0,0.05
3,3,0.0,0.0,0.0,0.74,0.0,0.07,0.0,0.01,0.12,0.06
7,7,0.0,0.01,0.0,0.01,0.01,0.01,0.0,0.91,0.01,0.04
0,0,0.99,0.0,0.0,0.0,0.0,0.0,0.01,0.0,0.0,0.0
4,4,0.0,0.01,0.01,0.0,0.94,0.0,0.01,0.01,0.0,0.02
2,2,0.02,0.03,0.73,0.11,0.01,0.01,0.03,0.0,0.06,0.0
7,7,0.01,0.0,0.0,0.01,0.0,0.0,0.0,0.97,0.0,0.01
7,7,0.01,0.0,0.0,0.0,0.02,0.0,0.0,0.91,0.0,0.06
1,1,0.0,0.98,0.0,0.0,0.0,0.0,0.0,0.0,0.02,0.0
9,9,0.03,0.01,0.03,0.04,0.08,0.03,0.04,0.04,0.05,0.65
7,7,0.01,0.0,0.01,0.0,0.07,0.05,0.01,0.62,0.03,0.2
7,7,0.01,0.0,0.0,0.0,0.0,0.0,0.0,0.99,0.0,0.0
3,3,0.0,0.0,0.0,0.87,0.02,0.03,0.0,0.0,0.06,0.02
9,9,0.0,0.0,0.0,0.0,0.0,0.0,0.0,0.0,0.0,1.0
8,8,0.01,0.0,0.02,0.03,0.0,0.01,0.01,0.01,0.91,0.0
9,9,0.0,0.01,0.0,0.08,0.1,0.06,0.0,0.23,0.01,0.51
6,6,0.08,0.03,0.15,0.05,0.07,0.04,0.53,0.0,0.04,0.01
3,3,0.04,0.0,0.03,0.87,0.0,0.05,0.0,0.0,0.01,0.0
9,9,0.0,0.0,0.05,0.04,0.09,0.09,0.0,0.03,0.01,0.69
1,1,0.0,0.96,0.01,0.0,0.01,0.0,0.0,0.0,0.01,0.01
5,5,0.1,0.0,0.0,0.04,0.03,0.67,0.03,0.05,0.03,0.05
3,3,0.0,0.0,0.1,0.3,0.07,0.1,0.25,0.05,0.08,0.05
8,9,0.0,0.0,0.02,0.0,0.08,0.05,0.0,0.08,0.12,0.65
5,5,0.01,0.01,0.02,0.01,0.01,0.85,0.02,0.02,0.04,0.01
6,6,0.04,0.0,0.07,0.01,0.03,0.0,0.84,0.01,0.0,0.0
9,9,0.03,0.01,0.01,0.12,0.05,0.09,0.02,0.27,0.05,0.35
2,2,0.02,0.01,0.53,0.04,0.04,0.06,0.2,0.03,0.06,0.01
2,2,0.0,0.02,0.97,0.01,0.0,0.0,0.0,0.0,0.0,0.0
3,3,0.0,0.0,0.05,0.84,0.0,0.01,0.01,0.01,0.07,0.01
2,2,0.03,0.0,0.63,0.04,0.06,0.07,0.01,0.01,0.1,0.05
0,0,0.97,0.0,0.0,0.0,0.0,0.0,0.01,0.0,0.0,0.02
1,1,0.0,1.0,0.0,0.0,0.0,0.0,0.0,0.0,0.0,0.0
2,2,0.01,0.02,0.85,0.05,0.01,0.01,0.02,0.01,0.0,0.02
7,7,0.0,0.0,0.01,0.01,0.01,0.0,0.0,0.97,0.0,0.0
4,4,0.0,0.05,0.07,0.03,0.52,0.08,0.06,0.03,0.05,0.11
8,8,0.02,0.05,0.06,0.01,0.2,0.14,0.02,0.09,0.32,0.09
1,1,0.0,0.9,0.0,0.01,0.0,0.0,0.0,0.07,0.0,0.02
8,8,0.01,0.02,0.09,0.13,0.04,0.05,0.03,0.03,0.57,0.03
1,1,0.0,0.99,0.01,0.0,0.0,0.0,0.0,0.0,0.0,0.0
1,1,0.0,1.0,0.0,0.0,0.0,0.0,0.0,0.0,0.0,0.0
0,0,0.93,0.0,0.03,0.01,0.0,0.02,0.0,0.0,0.0,0.01
2,2,0.01,0.01,0.64,0.07,0.0,0.0,0.01,0.06,0.19,0.01
9,9,0.0,0.0,0.0,0.04,0.07,0.0,0.0,0.1,0.02,0.77
0,0,1.0,0.0,0.0,0.0,0.0,0.0,0.0,0.0,0.0,0.0
4,4,0.01,0.0,0.0,0.0,0.92,0.0,0.0,0.03,0.0,0.04
9,9,0.0,0.0,0.0,0.0,0.02,0.0,0.0,0.05,0.04,0.89
2,2,0.0,0.01,0.65,0.07,0.03,0.05,0.12,0.03,0.02,0.02
0,0,0.71,0.01,0.06,0.01,0.04,0.03,0.08,0.02,0.01,0.03
2,2,0.0,0.02,0.96,0.0,0.0,0.0,0.01,0.01,0.0,0.0
9,9,0.0,0.0,0.02,0.0,0.12,0.02,0.0,0.03,0.01,0.8
4,4,0.0,0.0,0.0,0.0,0.92,0.01,0.0,0.02,0.01,0.04
6,6,0.02,0.01,0.04,0.0,0.02,0.03,0.84,0.0,0.01,0.03
4,4,0.01,0.0,0.0,0.0,0.91,0.0,0.0,0.01,0.0,0.07
4,4,0.0,0.01,0.0,0.0,0.94,0.02,0.0,0.0,0.01,0.02
5,5,0.0,0.01,0.03,0.01,0.01,0.88,0.03,0.01,0.01,0.01
3,3,0.02,0.0,0.01,0.9,0.01,0.04,0.0,0.0,0.0,0.02
7,7,0.0,0.0,0.0,0.0,0.02,0.0,0.0,0.98,0.0,0.0
4,4,0.04,0.01,0.03,0.01,0.71,0.03,0.01,0.02,0.02,0.12
1,1,0.0,0.99,0.0,0.01,0.0,0.0,0.0,0.0,0.0,0.0
8,8,0.02,0.09,0.05,0.06,0.0,0.0,0.03,0.01,0.73,0.01
8,8,0.02,0.01,0.07,0.04,0.06,0.04,0.1,0.01,0.63,0.02
2,2,0.02,0.02,0.48,0.28,0.03,0.04,0.04,0.01,0.07,0.01
9,9,0.0,0.0,0.01,0.01,0.01,0.01,0.0,0.02,0.02,0.92
2,2,0.0,0.05,0.79,0.03,0.0,0.03,0.04,0.0,0.05,0.01
4,4,0.0,0.0,0.0,0.0,0.99,0.01,0.0,0.0,0.0,0.0
4,4,0.0,0.0,0.01,0.0,0.91,0.01,0.02,0.0,0.02,0.03
8,8,0.14,0.0,0.08,0.02,0.03,0.04,0.06,0.01,0.59,0.03
4,4,0.04,0.0,0.03,0.0,0.83,0.02,0.05,0.0,0.0,0.03
3,6,0.05,0.05,0.18,0.15,0.08,0.03,0.23,0.02,0.18,0.03
7,7,0.0,0.0,0.0,0.0,0.01,0.0,0.01,0.97,0.0,0.01
2,2,0.01,0.05,0.43,0.12,0.02,0.02,0.06,0.2,0.05,0.04
6,6,0.0,0.0,0.01,0.0,0.02,0.0,0.97,0.0,0.0,0.0
6,6,0.0,0.0,0.0,0.0,0.02,0.02,0.95,0.0,0.0,0.01
9,9,0.0,0.01,0.01,0.0,0.05,0.0,0.0,0.0,0.01,0.92
6,6,0.01,0.0,0.2,0.0,0.07,0.07,0.57,0.0,0.04,0.04
3,3,0.01,0.0,0.01,0.87,0.0,0.08,0.02,0.0,0.0,0.01
4,4,0.02,0.0,0.01,0.0,0.9,0.0,0.03,0.02,0.01,0.01
3,3,0.03,0.01,0.02,0.79,0.02,0.07,0.02,0.0,0.03,0.01
1,1,0.0,1.0,0.0,0.0,0.0,0.0,0.0,0.0,0.0,0.0
3,3,0.0,0.0,0.0,0.96,0.0,0.0,0.01,0.01,0.02,0.0
0,0,0.89,0.0,0.04,0.01,0.0,0.02,0.02,0.0,0.0,0.02
9,9,0.0,0.01,0.01,0.0,0.06,0.04,0.0,0.05,0.02,0.81
3,3,0.0,0.0,0.01,0.98,0.0,0.01,0.0,0.0,0.0,0.0
4,4,0.0,0.0,0.0,0.0,0.9,0.0,0.01,0.05,0.0,0.04
7,7,0.0,0.0,0.0,0.0,0.01,0.01,0.0,0.85,0.01,0.12
6,6,0.04,0.0,0.02,0.0,0.01,0.09,0.81,0.0,0.03,0.0
0,0,0.87,0.0,0.0,0.05,0.0,0.07,0.01,0.0,0.0,0.0
1,1,0.0,0.95,0.02,0.01,0.0,0.0,0.0,0.0,0.01,0.01
0,0,1.0,0.0,0.0,0.0,0.0,0.0,0.0,0.0,0.0,0.0
1,1,0.0,0.99,0.0,0.01,0.0,0.0,0.0,0.0,0.0,0.0
2,2,0.01,0.0,0.85,0.03,0.01,0.01,0.0,0.03,0.04,0.02
2,2,0.07,0.04,0.66,0.1,0.01,0.06,0.02,0.03,0.01,0.0
6,6,0.0,0.0,0.0,0.01,0.0,0.01,0.98,0.0,0.0,0.0
6,6,0.0,0.0,0.02,0.01,0.08,0.03,0.83,0.01,0.01,0.01
0,0,0.73,0.0,0.06,0.1,0.02,0.05,0.03,0.0,0.0,0.01
7,7,0.04,0.0,0.0,0.01,0.04,0.01,0.01,0.87,0.0,0.02
1,1,0.0,0.86,0.0,0.03,0.05,0.0,0.02,0.0,0.02,0.02
4,4,0.0,0.0,0.0,0.0,0.99,0.0,0.0,0.0,0.0,0.01
2,2,0.02,0.0,0.81,0.0,0.01,0.0,0.02,0.02,0.02,0.1
4,4,0.01,0.0,0.0,0.0,0.79,0.06,0.01,0.04,0.02,0.07
8,8,0.02,0.0,0.01,0.03,0.01,0.06,0.03,0.0,0.82,0.02
5,5,0.0,0.04,0.02,0.2,0.07,0.4,0.01,0.05,0.04,0.17
1,1,0.0,1.0,0.0,0.0,0.0,0.0,0.0,0.0,0.0,0.0
9,9,0.0,0.0,0.0,0.01,0.09,0.03,0.0,0.03,0.05,0.79
1,1,0.0,1.0,0.0,0.0,0.0,0.0,0.0,0.0,0.0,0.0
5,5,0.0,0.0,0.01,0.09,0.03,0.73,0.0,0.0,0.04,0.1
9,9,0.0,0.01,0.02,0.02,0.12,0.12,0.01,0.1,0.04,0.56
3,3,0.15,0.01,0.05,0.56,0.01,0.1,0.02,0.0,0.08,0.02
6,6,0.04,0.0,0.13,0.04,0.02,0.05,0.65,0.01,0.03,0.03
6,6,0.0,0.01,0.01,0.0,0.0,0.01,0.97,0.0,0.0,0.0
6,6,0.0,0.0,0.03,0.03,0.01,0.0,0.92,0.0,0.01,0.0
2,2,0.0,0.03,0.87,0.03,0.0,0.0,0.0,0.03,0.04,0.0
3,3,0.0,0.01,0.0,0.69,0.0,0.25,0.0,0.0,0.03,0.02
3,3,0.0,0.0,0.0,0.95,0.0,0.01,0.0,0.0,0.04,0.0
7,7,0.0,0.01,0.0,0.02,0.01,0.0,0.0,0.93,0.01,0.02
6,6,0.03,0.0,0.04,0.0,0.02,0.0,0.9,0.0,0.0,0.01
1,1,0.0,0.94,0.01,0.01,0.0,0.01,0.0,0.01,0.01,0.01
2,2,0.0,0.02,0.9,0.02,0.0,0.0,0.0,0.02,0.04,0.0
7,7,0.01,0.0,0.0,0.02,0.0,0.0,0.0,0.94,0.01,0.02
0,0,1.0,0.0,0.0,0.0,0.0,0.0,0.0,0.0,0.0,0.0
2,2,0.01,0.01,0.62,0.09,0.01,0.01,0.11,0.05,0.07,0.02
3,3,0.01,0.05,0.07,0.37,0.01,0.04,0.01,0.12,0.23,0.09
7,7,0.0,0.04,0.01,0.0,0.01,0.01,0.0,0.84,0.02,0.07
7,7,0.0,0.0,0.0,0.0,0.0,0.0,0.0,1.0,0.0,0.0
9,4,0.01,0.02,0.05,0.09,0.54,0.09,0.07,0.02,0.07,0.04
7,7,0.06,0.0,0.01,0.02,0.05,0.02,0.01,0.71,0.01,0.11
8,8,0.0,0.05,0.25,0.12,0.01,0.02,0.0,0.1,0.43,0.02
5,9,0.01,0.01,0.02,0.1,0.05,0.33,0.03,0.06,0.03,0.36
0,0,0.6,0.0,0.03,0.1,0.0,0.08,0.02,0.0,0.14,0.03
9,9,0.0,0.0,0.01,0.0,0.04,0.03,0.01,0.07,0.0,0.84
9,9,0.0,0.0,0.0,0.0,0.07,0.0,0.0,0.03,0.0,0.9
9,9,0.0,0.0,0.0,0.0,0.0,0.0,0.0,0.0,0.01,0.99
0,0,1.0,0.0,0.0,0.0,0.0,0.0,0.0,0.0,0.0,0.0
2,1,0.0,0.29,0.25,0.23,0.01,0.03,0.04,0.11,0.03,0.01
3,3,0.0,0.02,0.01,0.53,0.01,0.11,0.0,0.02,0.19,0.11
4,4,0.0,0.0,0.02,0.0,0.86,0.02,0.02,0.05,0.02,0.01
1,1,0.0,0.99,0.0,0.0,0.0,0.0,0.01,0.0,0.0,0.0
1,1,0.0,0.99,0.0,0.0,0.01,0.0,0.0,0.0,0.0,0.0
2,2,0.1,0.03,0.33,0.08,0.05,0.09,0.06,0.18,0.05,0.03
8,1,0.0,0.6,0.04,0.03,0.0,0.02,0.01,0.02,0.26,0.02
2,2,0.0,0.18,0.64,0.04,0.0,0.0,0.0,0.07,0.07,0.0
0,0,1.0,0.0,0.0,0.0,0.0,0.0,0.0,0.0,0.0,0.0
5,5,0.03,0.01,0.01,0.02,0.01,0.75,0.01,0.03,0.06,0.07
5,5,0.01,0.01,0.0,0.12,0.02,0.78,0.03,0.0,0.01,0.02
3,3,0.06,0.01,0.01,0.58,0.01,0.22,0.02,0.05,0.01,0.03
9,9,0.02,0.0,0.0,0.19,0.06,0.2,0.0,0.01,0.17,0.35
7,7,0.0,0.0,0.0,0.0,0.0,0.0,0.0,0.99,0.0,0.01
7,7,0.01,0.0,0.0,0.0,0.01,0.0,0.0,0.98,0.0,0.0
1,1,0.0,0.97,0.01,0.01,0.0,0.0,0.0,0.0,0.01,0.0
9,9,0.06,0.0,0.04,0.0,0.1,0.14,0.04,0.04,0.09,0.49
9,9,0.0,0.0,0.0,0.01,0.04,0.02,0.0,0.02,0.0,0.91
4,4,0.01,0.0,0.02,0.01,0.59,0.06,0.04,0.06,0.04,0.17
4,4,0.0,0.0,0.0,0.01,0.9,0.02,0.01,0.03,0.0,0.03
9,9,0.0,0.0,0.02,0.01,0.03,0.02,0.0,0.09,0.0,0.83
0,0,0.96,0.0,0.01,0.01,0.0,0.01,0.01,0.0,0.0,0.0
9,9,0.01,0.0,0.03,0.02,0.03,0.0,0.04,0.04,0.06,0.77
1,1,0.0,0.99,0.0,0.0,0.01,0.0,0.0,0.0,0.0,0.0
5,5,0.0,0.01,0.01,0.12,0.01,0.77,0.01,0.01,0.05,0.01
8,8,0.01,0.01,0.03,0.01,0.07,0.12,0.0,0.03,0.54,0.18
2,2,0.1,0.03,0.4,0.1,0.02,0.06,0.21,0.01,0.06,0.01
4,4,0.0,0.0,0.02,0.01,0.7,0.01,0.0,0.08,0.02,0.16
6,6,0.02,0.0,0.03,0.0,0.05,0.0,0.88,0.0,0.01,0.01
4,4,0.01,0.0,0.02,0.01,0.88,0.01,0.01,0.02,0.01,0.03
9,9,0.0,0.0,0.01,0.0,0.0,0.0,0.0,0.02,0.01,0.96
9,9,0.0,0.04,0.01,0.01,0.12,0.04,0.0,0.04,0.04,0.7
2,2,0.07,0.03,0.5,0.13,0.0,0.02,0.12,0.0,0.12,0.01
2,2,0.01,0.0,0.87,0.03,0.03,0.01,0.01,0.02,0.01,0.01
8,8,0.0,0.05,0.07,0.18,0.09,0.08,0.09,0.01,0.4,0.03
9,9,0.0,0.0,0.03,0.02,0.07,0.03,0.01,0.12,0.01,0.71
2,2,0.0,0.02,0.72,0.04,0.04,0.02,0.11,0.0,0.05,0.0
0,0,1.0,0.0,0.0,0.0,0.0,0.0,0.0,0.0,0.0,0.0
9,9,0.0,0.0,0.01,0.01,0.03,0.0,0.0,0.02,0.01,0.92
6,6,0.01,0.0,0.01,0.01,0.08,0.01,0.85,0.01,0.01,0.01
3,3,0.0,0.0,0.0,0.99,0.0,0.0,0.0,0.0,0.0,0.01
1,1,0.0,1.0,0.0,0.0,0.0,0.0,0.0,0.0,0.0,0.0
5,5,0.01,0.0,0.01,0.01,0.06,0.74,0.03,0.02,0.07,0.05
0,0,1.0,0.0,0.0,0.0,0.0,0.0,0.0,0.0,0.0,0.0
4,4,0.14,0.0,0.04,0.01,0.33,0.06,0.19,0.06,0.03,0.14
2,2,0.0,0.0,0.89,0.03,0.0,0.01,0.0,0.03,0.04,0.0
3,3,0.02,0.01,0.12,0.76,0.0,0.01,0.02,0.0,0.06,0.0
2,2,0.01,0.01,0.9,0.04,0.0,0.01,0.01,0.02,0.0,0.0
1,1,0.0,0.99,0.0,0.01,0.0,0.0,0.0,0.0,0.0,0.0
1,1,0.0,0.9,0.02,0.03,0.03,0.0,0.0,0.0,0.02,0.0
9,9,0.01,0.0,0.01,0.03,0.18,0.08,0.0,0.12,0.04,0.53
5,5,0.04,0.05,0.02,0.15,0.06,0.49,0.06,0.03,0.03,0.07
1,1,0.0,1.0,0.0,0.0,0.0,0.0,0.0,0.0,0.0,0.0
3,3,0.01,0.03,0.06,0.46,0.07,0.26,0.02,0.0,0.07,0.02
7,7,0.0,0.0,0.0,0.02,0.0,0.01,0.0,0.93,0.0,0.04
6,6,0.02,0.02,0.03,0.01,0.07,0.02,0.75,0.02,0.03,0.03
6,6,0.0,0.0,0.0,0.01,0.01,0.0,0.97,0.0,0.0,0.01
1,1,0.0,0.99,0.0,0.0,0.0,0.0,0.01,0.0,0.0,0.0
6,6,0.04,0.01,0.06,0.02,0.03,0.02,0.74,0.0,0.07,0.01
4,4,0.01,0.0,0.0,0.0,0.97,0.0,0.0,0.01,0.0,0.01
3,3,0.0,0.0,0.0,0.99,0.0,0.01,0.0,0.0,0.0,0.0
1,1,0.0,0.98,0.0,0.01,0.0,0.0,0.0,0.01,0.0,0.0
6,6,0.06,0.0,0.19,0.02,0.05,0.0,0.61,0.01,0.03,0.03
4,4,0.01,0.0,0.01,0.0,0.81,0.02,0.01,0.02,0.01,0.11
8,8,0.03,0.0,0.04,0.01,0.03,0.02,0.02,0.04,0.77,0.04
0,0,0.96,0.0,0.0,0.01,0.0,0.0,0.0,0.02,0.01,0.0
4,4,0.04,0.0,0.08,0.04,0.37,0.03,0.28,0.02,0.03,0.11
3,3,0.2,0.0,0.08,0.46,0.0,0.13,0.01,0.03,0.08,0.01
5,5,0.01,0.0,0.01,0.01,0.01,0.93,0.01,0.01,0.01,0.0
4,4,0.02,0.01,0.01,0.01,0.79,0.06,0.04,0.03,0.02,0.01
5,5,0.0,0.04,0.02,0.05,0.02,0.66,0.04,0.03,0.05,0.09
7,7,0.0,0.0,0.01,0.0,0.01,0.0,0.0,0.98,0.0,0.0
4,4,0.03,0.03,0.01,0.0,0.6,0.03,0.02,0.16,0.01,0.11
5,5,0.0,0.0,0.0,0.0,0.05,0.91,0.02,0.0,0.01,0.01
6,6,0.03,0.05,0.3,0.04,0.01,0.02,0.5,0.0,0.03,0.02
2,2,0.0,0.0,0.98,0.0,0.01,0.0,0.0,0.0,0.0,0.01
6,6,0.0,0.0,0.0,0.0,0.0,0.02,0.95,0.0,0.03,0.0
0,0,0.99,0.0,0.0,0.0,0.0,0.0,0.0,0.0,0.0,0.01
1,1,0.0,0.88,0.05,0.02,0.0,0.0,0.0,0.02,0.03,0.0
9,9,0.0,0.0,0.0,0.01,0.02,0.04,0.0,0.0,0.03,0.9
6,6,0.02,0.0,0.05,0.05,0.07,0.1,0.67,0.01,0.02,0.01
1,1,0.01,0.79,0.07,0.01,0.0,0.03,0.0,0.06,0.01,0.02
9,9,0.0,0.0,0.0,0.03,0.02,0.02,0.0,0.06,0.01,0.86
0,0,0.88,0.0,0.05,0.0,0.01,0.02,0.02,0.0,0.0,0.02
8,8,0.0,0.01,0.02,0.01,0.02,0.01,0.01,0.04,0.44,0.44
6,6,0.0,0.01,0.01,0.0,0.0,0.0,0.98,0.0,0.0,0.0
9,9,0.01,0.0,0.0,0.01,0.15,0.11,0.0,0.1,0.02,0.6
8,8,0.0,0.04,0.01,0.03,0.02,0.02,0.01,0.01,0.84,0.02
0,0,0.8,0.01,0.07,0.04,0.01,0.04,0.01,0.01,0.01,0.0
0,0,0.78,0.0,0.02,0.04,0.03,0.09,0.0,0.02,0.01,0.01
5,5,0.06,0.0,0.03,0.12,0.02,0.43,0.02,0.01,0.3,0.01
2,2,0.02,0.07,0.43,0.08,0.04,0.07,0.13,0.01,0.11,0.04
8,8,0.04,0.0,0.01,0.08,0.01,0.07,0.01,0.01,0.76,0.01
7,7,0.03,0.0,0.01,0.0,0.0,0.0,0.0,0.94,0.0,0.02
0,0,0.99,0.0,0.01,0.0,0.0,0.0,0.0,0.0,0.0,0.0
8,8,0.06,0.0,0.03,0.04,0.05,0.06,0.06,0.05,0.57,0.08
3,3,0.0,0.01,0.01,0.86,0.01,0.07,0.01,0.0,0.02,0.01
4,4,0.0,0.0,0.01,0.02,0.79,0.07,0.01,0.02,0.02,0.06
1,1,0.0,1.0,0.0,0.0,0.0,0.0,0.0,0.0,0.0,0.0
4,4,0.0,0.02,0.02,0.0,0.79,0.04,0.03,0.0,0.06,0.04
6,6,0.0,0.0,0.0,0.02,0.0,0.02,0.94,0.0,0.02,0.0
6,6,0.0,0.0,0.0,0.0,0.0,0.01,0.99,0.0,0.0,0.0
1,1,0.0,0.82,0.02,0.01,0.0,0.01,0.01,0.01,0.11,0.01
0,0,1.0,0.0,0.0,0.0,0.0,0.0,0.0,0.0,0.0,0.0
0,0,0.95,0.0,0.02,0.0,0.0,0.0,0.0,0.01,0.01,0.01
6,6,0.08,0.0,0.13,0.01,0.0,0.0,0.76,0.0,0.02,0.0
8,8,0.02,0.16,0.1,0.1,0.03,0.09,0.13,0.05,0.29,0.03
2,2,0.02,0.0,0.8,0.09,0.01,0.02,0.03,0.0,0.03,0.0
1,1,0.0,1.0,0.0,0.0,0.0,0.0,0.0,0.0,0.0,0.0
9,9,0.0,0.0,0.0,0.0,0.01,0.0,0.0,0.0,0.0,0.99
1,1,0.0,0.98,0.0,0.01,0.0,0.0,0.0,0.01,0.0,0.0
5,5,0.0,0.0,0.0,0.12,0.01,0.86,0.0,0.0,0.0,0.01
2,2,0.0,0.01,0.84,0.1,0.0,0.0,0.02,0.0,0.03,0.0
5,5,0.02,0.02,0.04,0.1,0.04,0.58,0.03,0.03,0.11,0.03
4,4,0.0,0.0,0.01,0.0,0.72,0.02,0.03,0.06,0.13,0.03
8,8,0.05,0.0,0.04,0.05,0.08,0.06,0.07,0.02,0.54,0.09
5,5,0.02,0.0,0.02,0.06,0.0,0.78,0.02,0.01,0.07,0.02
0,0,0.77,0.0,0.02,0.02,0.04,0.08,0.0,0.02,0.02,0.03
7,7,0.0,0.0,0.07,0.09,0.1,0.01,0.0,0.55,0.02,0.16
2,2,0.01,0.0,0.92,0.0,0.0,0.0,0.01,0.0,0.06,0.0
4,4,0.0,0.0,0.01,0.0,0.96,0.01,0.0,0.02,0.0,0.0
5,5,0.01,0.0,0.02,0.07,0.06,0.75,0.03,0.01,0.0,0.05
8,8,0.01,0.01,0.02,0.04,0.0,0.01,0.02,0.0,0.89,0.0
4,4,0.0,0.02,0.0,0.01,0.83,0.02,0.01,0.04,0.03,0.04
2,2,0.01,0.08,0.6,0.07,0.01,0.03,0.04,0.12,0.02,0.02
7,7,0.0,0.0,0.0,0.0,0.0,0.0,0.0,0.98,0.0,0.02
0,0,0.85,0.0,0.02,0.02,0.01,0.01,0.05,0.02,0.0,0.02
7,7,0.02,0.0,0.02,0.0,0.07,0.02,0.02,0.83,0.0,0.02
2,2,0.0,0.0,0.82,0.0,0.02,0.02,0.02,0.06,0.02,0.04
0,6,0.15,0.0,0.02,0.07,0.02,0.09,0.45,0.01,0.16,0.03
9,9,0.0,0.0,0.0,0.01,0.06,0.02,0.01,0.01,0.02,0.87
8,8,0.01,0.02,0.01,0.02,0.02,0.0,0.03,0.01,0.81,0.07
0,0,0.67,0.01,0.03,0.03,0.02,0.12,0.06,0.01,0.04,0.01
0,0,1.0,0.0,0.0,0.0,0.0,0.0,0.0,0.0,0.0,0.0
5,5,0.08,0.0,0.01,0.1,0.02,0.77,0.0,0.0,0.01,0.01
3,3,0.05,0.05,0.2,0.37,0.04,0.13,0.08,0.0,0.07,0.01
7,7,0.0,0.0,0.0,0.0,0.0,0.0,0.0,1.0,0.0,0.0
7,7,0.0,0.04,0.11,0.16,0.07,0.01,0.04,0.46,0.07,0.04
1,1,0.0,0.96,0.0,0.03,0.0,0.0,0.0,0.01,0.0,0.0
3,3,0.0,0.0,0.01,0.96,0.0,0.03,0.0,0.0,0.0,0.0
0,0,0.45,0.0,0.04,0.06,0.09,0.1,0.08,0.04,0.11,0.03
3,2,0.01,0.0,0.41,0.41,0.0,0.09,0.01,0.0,0.06,0.01
9,9,0.0,0.0,0.0,0.04,0.05,0.03,0.0,0.11,0.06,0.71
8,8,0.0,0.0,0.0,0.0,0.0,0.0,0.0,0.0,0.99,0.01
4,4,0.0,0.01,0.0,0.0,0.94,0.0,0.0,0.0,0.02,0.03
8,8,0.0,0.0,0.0,0.01,0.01,0.05,0.0,0.02,0.86,0.05
5,5,0.04,0.0,0.0,0.02,0.02,0.86,0.02,0.0,0.03,0.01
7,7,0.0,0.0,0.0,0.0,0.0,0.0,0.0,1.0,0.0,0.0
0,0,0.93,0.0,0.0,0.01,0.01,0.03,0.01,0.0,0.01,0.0
2,2,0.04,0.02,0.8,0.1,0.0,0.01,0.0,0.0,0.02,0.01
3,3,0.0,0.0,0.0,1.0,0.0,0.0,0.0,0.0,0.0,0.0
8,8,0.02,0.0,0.04,0.02,0.01,0.05,0.02,0.0,0.83,0.01
9,9,0.01,0.0,0.02,0.14,0.06,0.02,0.0,0.08,0.02,0.65
2,2,0.01,0.0,0.99,0.0,0.0,0.0,0.0,0.0,0.0,0.0
1,6,0.01,0.2,0.01,0.03,0.03,0.13,0.52,0.0,0.04,0.03
4,4,0.0,0.01,0.0,0.01,0.86,0.01,0.01,0.0,0.01,0.09
3,3,0.0,0.01,0.01,0.86,0.0,0.05,0.0,0.03,0.01,0.03
2,2,0.0,0.12,0.69,0.07,0.01,0.0,0.03,0.04,0.04,0.0
2,2,0.03,0.0,0.69,0.04,0.08,0.04,0.09,0.01,0.02,0.0
6,6,0.02,0.01,0.03,0.02,0.02,0.02,0.8,0.02,0.04,0.02
6,6,0.08,0.03,0.08,0.04,0.05,0.04,0.53,0.1,0.01,0.04
6,6,0.02,0.0,0.05,0.04,0.0,0.05,0.78,0.01,0.04,0.01
3,3,0.02,0.02,0.06,0.44,0.03,0.2,0.06,0.03,0.11,0.03
8,8,0.05,0.0,0.03,0.05,0.01,0.09,0.03,0.0,0.71,0.03
1,1,0.0,0.97,0.01,0.01,0.01,0.0,0.0,0.0,0.0,0.0
3,3,0.09,0.0,0.04,0.74,0.0,0.08,0.01,0.0,0.04,0.0
2,2,0.02,0.0,0.86,0.02,0.01,0.01,0.05,0.0,0.02,0.01
9,9,0.01,0.0,0.05,0.04,0.13,0.01,0.0,0.35,0.01,0.4
7,7,0.04,0.0,0.0,0.0,0.02,0.02,0.0,0.87,0.0,0.05
6,6,0.0,0.0,0.0,0.0,0.0,0.0,1.0,0.0,0.0,0.0
5,5,0.0,0.01,0.03,0.12,0.02,0.65,0.1,0.01,0.04,0.02
5,5,0.0,0.07,0.02,0.02,0.01,0.77,0.05,0.03,0.01,0.02
7,7,0.02,0.01,0.0,0.0,0.03,0.0,0.0,0.89,0.0,0.05
1,1,0.0,0.98,0.0,0.01,0.0,0.0,0.0,0.0,0.01,0.0
5,5,0.03,0.01,0.01,0.2,0.03,0.53,0.01,0.03,0.08,0.07
6,6,0.02,0.0,0.03,0.0,0.0,0.0,0.94,0.0,0.01,0.0
9,9,0.02,0.0,0.01,0.26,0.15,0.12,0.01,0.04,0.09,0.3
1,1,0.0,0.99,0.01,0.0,0.0,0.0,0.0,0.0,0.0,0.0
3,3,0.0,0.0,0.0,0.98,0.0,0.02,0.0,0.0,0.0,0.0
1,1,0.0,0.91,0.01,0.01,0.01,0.0,0.0,0.02,0.04,0.0
3,3,0.02,0.01,0.02,0.83,0.0,0.03,0.01,0.0,0.08,0.0
9,9,0.01,0.07,0.05,0.1,0.1,0.11,0.03,0.13,0.17,0.23
6,5,0.12,0.0,0.03,0.08,0.01,0.34,0.29,0.0,0.13,0.0
8,8,0.0,0.02,0.03,0.03,0.02,0.02,0.01,0.03,0.83,0.01
0,0,0.74,0.01,0.04,0.04,0.02,0.09,0.02,0.01,0.03,0.0
5,5,0.05,0.0,0.01,0.11,0.02,0.74,0.03,0.0,0.01,0.03
8,8,0.01,0.09,0.08,0.03,0.0,0.02,0.01,0.02,0.73,0.01
0,0,1.0,0.0,0.0,0.0,0.0,0.0,0.0,0.0,0.0,0.0
9,9,0.01,0.0,0.0,0.0,0.03,0.01,0.0,0.03,0.01,0.91
5,6,0.17,0.0,0.05,0.18,0.12,0.12,0.28,0.0,0.08,0.0
9,9,0.01,0.0,0.02,0.03,0.24,0.07,0.03,0.01,0.19,0.4
6,6,0.02,0.03,0.02,0.03,0.01,0.05,0.8,0.01,0.02,0.01
9,9,0.0,0.01,0.0,0.02,0.08,0.01,0.02,0.02,0.01,0.83
1,1,0.0,0.9,0.01,0.02,0.0,0.0,0.0,0.0,0.07,0.0
0,0,0.63,0.01,0.04,0.05,0.04,0.03,0.1,0.02,0.04,0.04
0,0,0.99,0.0,0.0,0.0,0.01,0.0,0.0,0.0,0.0,0.0
4,4,0.02,0.0,0.05,0.0,0.62,0.01,0.11,0.1,0.05,0.04
3,3,0.01,0.0,0.01,0.71,0.01,0.18,0.0,0.02,0.04,0.02
0,0,0.98,0.0,0.0,0.02,0.0,0.0,0.0,0.0,0.0,0.0
9,9,0.01,0.0,0.08,0.06,0.12,0.04,0.06,0.1,0.01,0.52
0,0,0.95,0.0,0.0,0.0,0.0,0.02,0.01,0.01,0.01,0.0
3,2,0.09,0.04,0.55,0.15,0.03,0.03,0.08,0.0,0.02,0.01
9,9,0.0,0.0,0.0,0.0,0.02,0.0,0.0,0.01,0.0,0.97
5,5,0.03,0.0,0.06,0.03,0.04,0.74,0.02,0.04,0.03,0.01
7,7,0.0,0.0,0.0,0.0,0.0,0.0,0.0,0.99,0.01,0.0
7,7,0.0,0.0,0.0,0.0,0.0,0.0,0.0,1.0,0.0,0.0
2,2,0.01,0.07,0.62,0.15,0.01,0.02,0.05,0.01,0.06,0.0
1,1,0.0,0.97,0.01,0.0,0.0,0.0,0.01,0.0,0.01,0.0
3,3,0.01,0.0,0.02,0.38,0.16,0.21,0.02,0.04,0.07,0.09
4,4,0.01,0.0,0.0,0.01,0.91,0.0,0.01,0.03,0.0,0.03
9,9,0.0,0.0,0.0,0.02,0.02,0.01,0.0,0.04,0.0,0.91
8,8,0.08,0.0,0.14,0.08,0.04,0.07,0.11,0.0,0.46,0.02
6,6,0.0,0.0,0.04,0.0,0.0,0.01,0.95,0.0,0.0,0.0
5,5,0.07,0.01,0.01,0.13,0.02,0.63,0.01,0.03,0.06,0.03
4,4,0.0,0.0,0.0,0.01,0.91,0.02,0.0,0.0,0.01,0.05
9,9,0.0,0.0,0.01,0.0,0.09,0.02,0.0,0.0,0.05,0.83
1,1,0.0,1.0,0.0,0.0,0.0,0.0,0.0,0.0,0.0,0.0
2,2,0.02,0.0,0.81,0.01,0.01,0.03,0.01,0.03,0.04,0.04
5,5,0.01,0.0,0.03,0.01,0.01,0.89,0.0,0.01,0.03,0.01
2,2,0.02,0.0,0.93,0.0,0.01,0.0,0.04,0.0,0.0,0.0
5,5,0.0,0.02,0.02,0.04,0.03,0.82,0.01,0.0,0.04,0.02
3,3,0.01,0.0,0.02,0.94,0.0,0.02,0.0,0.0,0.01,0.0
4,4,0.0,0.02,0.0,0.02,0.52,0.03,0.04,0.06,0.03,0.28
5,5,0.04,0.0,0.03,0.1,0.0,0.57,0.02,0.0,0.19,0.05
0,0,0.95,0.0,0.0,0.0,0.0,0.01,0.03,0.01,0.0,0.0
8,8,0.03,0.02,0.02,0.01,0.01,0.08,0.0,0.04,0.77,0.02
3,3,0.0,0.01,0.07,0.6,0.0,0.16,0.0,0.0,0.08,0.08
0,0,0.97,0.0,0.0,0.01,0.0,0.0,0.0,0.01,0.0,0.01
7,7,0.01,0.02,0.0,0.01,0.02,0.0,0.0,0.56,0.08,0.3
8,8,0.02,0.0,0.1,0.05,0.02,0.04,0.04,0.03,0.67,0.03
2,2,0.0,0.0,0.93,0.01,0.02,0.0,0.02,0.0,0.02,0.0
9,9,0.01,0.0,0.1,0.03,0.04,0.02,0.1,0.13,0.0,0.57
9,9,0.03,0.0,0.03,0.02,0.14,0.01,0.04,0.07,0.02,0.64
5,5,0.03,0.01,0.02,0.17,0.02,0.66,0.02,0.01,0.01,0.05
4,4,0.0,0.0,0.0,0.0,0.94,0.0,0.0,0.01,0.0,0.05
1,1,0.0,1.0,0.0,0.0,0.0,0.0,0.0,0.0,0.0,0.0
0,0,0.69,0.01,0.1,0.0,0.01,0.0,0.11,0.01,0.02,0.05
1,1,0.0,1.0,0.0,0.0,0.0,0.0,0.0,0.0,0.0,0.0
9,9,0.0,0.02,0.0,0.01,0.07,0.05,0.01,0.04,0.0,0.8
4,4,0.0,0.0,0.02,0.0,0.94,0.01,0.0,0.01,0.0,0.02
1,1,0.0,0.83,0.06,0.0,0.0,0.03,0.0,0.04,0.03,0.01
7,7,0.02,0.0,0.02,0.05,0.06,0.01,0.0,0.71,0.03,0.1
6,6,0.07,0.02,0.04,0.03,0.13,0.03,0.56,0.03,0.03,0.06
3,3,0.09,0.01,0.03,0.31,0.01,0.21,0.04,0.12,0.03,0.15
7,7,0.0,0.04,0.03,0.01,0.02,0.02,0.0,0.75,0.04,0.09
8,6,0.09,0.02,0.07,0.13,0.05,0.12,0.23,0.03,0.2,0.06
1,1,0.0,0.92,0.01,0.0,0.0,0.03,0.0,0.0,0.04,0.0
8,8,0.0,0.0,0.04,0.01,0.02,0.08,0.02,0.02,0.78,0.03
4,4,0.02,0.0,0.01,0.0,0.42,0.03,0.03,0.12,0.16,0.21
2,2,0.0,0.01,0.88,0.02,0.0,0.0,0.03,0.03,0.02,0.01
5,5,0.01,0.0,0.01,0.13,0.0,0.75,0.01,0.0,0.06,0.03
8,8,0.03,0.01,0.03,0.08,0.02,0.24,0.11,0.02,0.45,0.01
2,2,0.0,0.03,0.87,0.01,0.05,0.03,0.01,0.0,0.0,0.0
5,5,0.15,0.01,0.01,0.18,0.02,0.46,0.0,0.04,0.06,0.07
8,8,0.0,0.03,0.09,0.04,0.01,0.0,0.0,0.06,0.72,0.05
0,0,0.52,0.03,0.04,0.01,0.01,0.25,0.06,0.04,0.02,0.02
8,8,0.03,0.01,0.05,0.05,0.02,0.06,0.03,0.0,0.74,0.01
5,5,0.0,0.03,0.01,0.09,0.02,0.75,0.0,0.02,0.05,0.03
4,4,0.0,0.0,0.0,0.0,0.94,0.01,0.0,0.01,0.0,0.04
3,3,0.0,0.01,0.03,0.66,0.03,0.05,0.02,0.03,0.15,0.02
5,5,0.02,0.02,0.0,0.03,0.08,0.53,0.05,0.06,0.04,0.17
3,3,0.01,0.01,0.02,0.89,0.0,0.04,0.0,0.01,0.02,0.0
8,8,0.0,0.04,0.06,0.15,0.09,0.05,0.05,0.14,0.37,0.05
0,0,1.0,0.0,0.0,0.0,0.0,0.0,0.0,0.0,0.0,0.0
5,5,0.06,0.0,0.06,0.13,0.06,0.42,0.09,0.01,0.1,0.07
1,1,0.0,0.97,0.01,0.0,0.0,0.0,0.01,0.0,0.01,0.0
4,4,0.01,0.0,0.0,0.01,0.49,0.02,0.0,0.05,0.02,0.4
9,9,0.0,0.0,0.02,0.07,0.09,0.04,0.0,0.01,0.03,0.74
6,6,0.0,0.0,0.01,0.0,0.0,0.0,0.99,0.0,0.0,0.0
4,4,0.0,0.0,0.0,0.0,0.9,0.01,0.0,0.02,0.0,0.07
7,7,0.01,0.01,0.0,0.02,0.01,0.0,0.0,0.77,0.0,0.18
7,7,0.0,0.03,0.0,0.0,0.01,0.0,0.0,0.87,0.01,0.08
8,8,0.0,0.08,0.02,0.01,0.0,0.02,0.03,0.01,0.82,0.01
7,7,0.0,0.0,0.0,0.0,0.01,0.0,0.0,0.99,0.0,0.0
8,8,0.04,0.03,0.1,0.03,0.03,0.02,0.07,0.01,0.61,0.06
1,1,0.0,0.99,0.0,0.0,0.0,0.01,0.0,0.0,0.0,0.0
8,8,0.03,0.02,0.06,0.1,0.05,0.15,0.07,0.02,0.47,0.03
2,2,0.03,0.01,0.43,0.12,0.07,0.11,0.06,0.06,0.04,0.07
8,8,0.01,0.01,0.0,0.05,0.0,0.02,0.0,0.01,0.89,0.01
4,4,0.06,0.0,0.14,0.02,0.61,0.01,0.1,0.01,0.04,0.01
2,2,0.01,0.0,0.87,0.02,0.01,0.01,0.03,0.01,0.04,0.0
3,3,0.0,0.01,0.06,0.88,0.01,0.02,0.0,0.0,0.02,0.0
6,6,0.03,0.0,0.03,0.03,0.05,0.03,0.81,0.0,0.01,0.01
1,1,0.0,0.98,0.01,0.0,0.0,0.0,0.0,0.0,0.01,0.0
3,3,0.03,0.01,0.03,0.45,0.0,0.36,0.03,0.0,0.09,0.0
7,7,0.01,0.01,0.01,0.03,0.01,0.01,0.0,0.86,0.01,0.05
7,7,0.0,0.0,0.0,0.0,0.0,0.0,0.0,1.0,0.0,0.0
9,9,0.01,0.03,0.0,0.04,0.12,0.03,0.01,0.23,0.05,0.48
8,8,0.0,0.01,0.01,0.08,0.03,0.01,0.01,0.06,0.65,0.14
6,6,0.01,0.0,0.02,0.01,0.0,0.01,0.94,0.0,0.01,0.0
9,9,0.0,0.0,0.0,0.0,0.03,0.0,0.0,0.01,0.01,0.95
3,3,0.01,0.0,0.16,0.6,0.02,0.05,0.04,0.02,0.1,0.0
0,0,0.98,0.0,0.0,0.01,0.0,0.0,0.0,0.0,0.0,0.01
6,6,0.0,0.03,0.07,0.02,0.01,0.01,0.8,0.0,0.06,0.0
6,6,0.01,0.01,0.01,0.01,0.02,0.02,0.85,0.0,0.07,0.0
6,6,0.01,0.07,0.01,0.09,0.03,0.02,0.71,0.0,0.06,0.0
9,9,0.01,0.01,0.04,0.08,0.09,0.0,0.03,0.03,0.02,0.69
2,2,0.01,0.0,0.92,0.03,0.02,0.0,0.0,0.01,0.01,0.0
1,1,0.0,1.0,0.0,0.0,0.0,0.0,0.0,0.0,0.0,0.0
0,0,0.99,0.0,0.01,0.0,0.0,0.0,0.0,0.0,0.0,0.0
4,4,0.0,0.0,0.0,0.01,0.89,0.02,0.0,0.01,0.01,0.06
9,9,0.0,0.04,0.01,0.11,0.11,0.02,0.01,0.16,0.08,0.46
7,7,0.0,0.0,0.01,0.02,0.0,0.0,0.0,0.97,0.0,0.0
8,8,0.01,0.06,0.08,0.11,0.02,0.01,0.04,0.03,0.63,0.01
7,4,0.0,0.02,0.03,0.1,0.29,0.05,0.0,0.22,0.06,0.23
6,6,0.02,0.0,0.03,0.0,0.03,0.0,0.89,0.01,0.01,0.01
8,8,0.0,0.0,0.11,0.09,0.01,0.08,0.02,0.0,0.64,0.05
0,0,0.81,0.0,0.01,0.05,0.01,0.07,0.02,0.01,0.02,0.0
4,4,0.0,0.0,0.01,0.0,0.87,0.0,0.0,0.05,0.0,0.07
7,7,0.01,0.01,0.01,0.0,0.0,0.0,0.0,0.93,0.0,0.04
4,4,0.0,0.02,0.01,0.03,0.65,0.01,0.03,0.09,0.06,0.1
0,0,0.97,0.0,0.01,0.0,0.0,0.0,0.02,0.0,0.0,0.0
2,2,0.0,0.02,0.69,0.13,0.0,0.0,0.0,0.06,0.09,0.01
5,5,0.01,0.0,0.02,0.03,0.08,0.71,0.08,0.03,0.03,0.01
9,9,0.0,0.0,0.0,0.01,0.06,0.01,0.0,0.03,0.0,0.89
1,1,0.0,1.0,0.0,0.0,0.0,0.0,0.0,0.0,0.0,0.0
4,4,0.0,0.0,0.02,0.0,0.9,0.01,0.04,0.0,0.02,0.01
4,4,0.0,0.0,0.02,0.01,0.82,0.03,0.0,0.02,0.04,0.06
2,2,0.02,0.12,0.54,0.08,0.0,0.03,0.01,0.08,0.08,0.04
4,4,0.0,0.01,0.02,0.06,0.46,0.1,0.0,0.05,0.06,0.24
3,3,0.01,0.0,0.01,0.72,0.04,0.11,0.0,0.01,0.04,0.06
6,6,0.04,0.03,0.08,0.03,0.04,0.03,0.65,0.01,0.06,0.03
3,3,0.01,0.01,0.0,0.84,0.03,0.06,0.0,0.01,0.03,0.01
3,3,0.0,0.0,0.01,0.9,0.0,0.08,0.01,0.0,0.0,0.0
7,7,0.0,0.0,0.0,0.01,0.0,0.0,0.0,0.98,0.0,0.01
3,3,0.0,0.0,0.0,0.9,0.0,0.07,0.0,0.03,0.0,0.0
9,9,0.02,0.0,0.0,0.01,0.04,0.02,0.03,0.06,0.02,0.8
0,0,0.7,0.0,0.05,0.09,0.02,0.08,0.01,0.01,0.03,0.01
4,4,0.0,0.0,0.0,0.02,0.82,0.0,0.02,0.04,0.01,0.09
0,0,0.97,0.0,0.0,0.0,0.0,0.0,0.02,0.0,0.0,0.01
5,5,0.03,0.01,0.01,0.02,0.06,0.74,0.04,0.01,0.06,0.02
4,4,0.0,0.06,0.03,0.22,0.33,0.1,0.05,0.03,0.04,0.14
2,2,0.02,0.0,0.9,0.02,0.01,0.01,0.01,0.01,0.02,0.0
5,5,0.0,0.0,0.0,0.0,0.01,0.95,0.0,0.01,0.01,0.02
8,8,0.06,0.02,0.04,0.13,0.0,0.23,0.0,0.03,0.48,0.01
7,7,0.0,0.0,0.0,0.0,0.01,0.0,0.0,0.98,0.0,0.01
8,8,0.02,0.01,0.05,0.12,0.03,0.1,0.04,0.01,0.6,0.02
3,3,0.01,0.01,0.15,0.65,0.0,0.12,0.02,0.01,0.03,0.0
6,6,0.01,0.02,0.02,0.0,0.04,0.02,0.8,0.02,0.05,0.02
8,8,0.0,0.0,0.02,0.0,0.0,0.01,0.0,0.0,0.97,0.0
1,1,0.0,1.0,0.0,0.0,0.0,0.0,0.0,0.0,0.0,0.0
4,4,0.01,0.0,0.03,0.02,0.7,0.01,0.03,0.05,0.04,0.11
6,6,0.0,0.0,0.03,0.0,0.02,0.01,0.92,0.01,0.0,0.01
9,9,0.0,0.01,0.0,0.04,0.04,0.03,0.0,0.02,0.01,0.85
9,9,0.0,0.0,0.0,0.01,0.41,0.0,0.0,0.07,0.01,0.5
9,9,0.0,0.0,0.02,0.02,0.05,0.0,0.01,0.01,0.0,0.89
6,6,0.09,0.01,0.08,0.02,0.02,0.03,0.74,0.0,0.0,0.01
1,1,0.0,1.0,0.0,0.0,0.0,0.0,0.0,0.0,0.0,0.0
9,9,0.0,0.04,0.01,0.02,0.09,0.02,0.0,0.22,0.14,0.46
1,1,0.0,0.71,0.03,0.06,0.02,0.05,0.04,0.03,0.04,0.02
1,1,0.0,0.9,0.07,0.0,0.0,0.01,0.0,0.01,0.01,0.0
3,3,0.0,0.01,0.01,0.91,0.02,0.01,0.0,0.01,0.02,0.01
8,8,0.0,0.01,0.08,0.14,0.01,0.08,0.04,0.01,0.62,0.01
9,9,0.0,0.01,0.0,0.02,0.02,0.0,0.0,0.05,0.02,0.88
6,6,0.0,0.03,0.02,0.0,0.0,0.02,0.92,0.0,0.01,0.0
1,1,0.0,0.99,0.0,0.0,0.01,0.0,0.0,0.0,0.0,0.0
7,7,0.0,0.0,0.0,0.0,0.0,0.0,0.0,1.0,0.0,0.0
3,3,0.11,0.0,0.02,0.57,0.01,0.12,0.04,0.0,0.1,0.03
2,2,0.0,0.03,0.88,0.04,0.0,0.0,0.01,0.0,0.04,0.0
9,9,0.0,0.0,0.01,0.04,0.18,0.02,0.01,0.11,0.03,0.6
2,2,0.0,0.01,0.88,0.06,0.0,0.0,0.01,0.02,0.02,0.0
7,7,0.0,0.0,0.01,0.0,0.0,0.0,0.0,0.99,0.0,0.0
2,2,0.02,0.02,0.85,0.02,0.02,0.02,0.02,0.01,0.02,0.0
7,7,0.0,0.01,0.01,0.0,0.23,0.02,0.02,0.43,0.01,0.27
7,7,0.02,0.01,0.02,0.0,0.04,0.04,0.01,0.77,0.01,0.08
4,4,0.0,0.02,0.01,0.01,0.86,0.03,0.01,0.0,0.02,0.04
7,4,0.12,0.01,0.05,0.06,0.2,0.15,0.12,0.09,0.08,0.12
6,4,0.0,0.0,0.06,0.0,0.52,0.03,0.23,0.07,0.05,0.04
8,8,0.03,0.0,0.02,0.04,0.0,0.01,0.03,0.01,0.85,0.01
9,9,0.0,0.01,0.03,0.04,0.17,0.02,0.0,0.12,0.02,0.59
8,8,0.0,0.05,0.03,0.02,0.14,0.18,0.02,0.06,0.32,0.18
5,5,0.08,0.0,0.14,0.2,0.0,0.28,0.26,0.0,0.02,0.02
1,1,0.0,0.87,0.02,0.02,0.0,0.01,0.0,0.07,0.0,0.01
4,4,0.0,0.11,0.07,0.01,0.53,0.08,0.03,0.01,0.1,0.06
5,5,0.13,0.02,0.1,0.03,0.01,0.44,0.09,0.05,0.11,0.02
4,4,0.0,0.0,0.0,0.0,0.95,0.01,0.0,0.01,0.01,0.02
7,7,0.0,0.0,0.0,0.0,0.0,0.0,0.0,0.97,0.0,0.03
0,0,0.98,0.0,0.01,0.0,0.0,0.0,0.01,0.0,0.0,0.0
7,7,0.0,0.02,0.02,0.01,0.08,0.08,0.0,0.72,0.01,0.06
0,0,1.0,0.0,0.0,0.0,0.0,0.0,0.0,0.0,0.0,0.0
6,6,0.0,0.01,0.02,0.0,0.01,0.05,0.91,0.0,0.0,0.0
4,4,0.0,0.03,0.02,0.0,0.81,0.02,0.0,0.0,0.04,0.08
9,9,0.0,0.0,0.01,0.01,0.08,0.03,0.0,0.08,0.0,0.79
8,8,0.0,0.01,0.03,0.04,0.01,0.01,0.0,0.0,0.9,0.0
8,8,0.01,0.03,0.02,0.07,0.04,0.04,0.05,0.0,0.71,0.03
5,5,0.09,0.01,0.02,0.3,0.01,0.45,0.0,0.02,0.03,0.07
4,4,0.0,0.0,0.03,0.0,0.91,0.02,0.02,0.0,0.0,0.02
4,4,0.0,0.0,0.0,0.0,0.93,0.01,0.0,0.0,0.03,0.03
0,0,0.46,0.0,0.03,0.08,0.03,0.09,0.1,0.1,0.06,0.05
5,5,0.0,0.0,0.0,0.01,0.06,0.82,0.03,0.02,0.05,0.01
1,1,0.0,0.99,0.01,0.0,0.0,0.0,0.0,0.0,0.0,0.0
0,0,0.99,0.0,0.0,0.0,0.01,0.0,0.0,0.0,0.0,0.0
6,6,0.0,0.0,0.02,0.01,0.01,0.01,0.89,0.01,0.02,0.03
5,5,0.0,0.0,0.01,0.03,0.0,0.92,0.02,0.0,0.01,0.01
4,4,0.0,0.0,0.0,0.01,0.9,0.0,0.0,0.01,0.01,0.07
5,5,0.02,0.0,0.03,0.25,0.0,0.64,0.0,0.0,0.04,0.02
2,2,0.02,0.01,0.79,0.11,0.0,0.01,0.02,0.0,0.04,0.0
7,7,0.0,0.01,0.02,0.05,0.11,0.01,0.01,0.74,0.01,0.04
7,7,0.0,0.0,0.0,0.0,0.0,0.0,0.0,1.0,0.0,0.0
9,9,0.0,0.0,0.02,0.03,0.07,0.0,0.0,0.01,0.02,0.85
7,7,0.0,0.0,0.0,0.0,0.0,0.0,0.0,0.99,0.0,0.01
9,9,0.0,0.0,0.0,0.0,0.03,0.0,0.0,0.01,0.0,0.96
4,4,0.0,0.12,0.05,0.08,0.3,0.04,0.06,0.09,0.1,0.16
7,7,0.0,0.0,0.0,0.01,0.0,0.0,0.0,0.96,0.01,0.02
5,1,0.02,0.43,0.02,0.06,0.0,0.22,0.07,0.07,0.09,0.02
5,5,0.01,0.0,0.03,0.06,0.01,0.84,0.0,0.0,0.02,0.03
2,2,0.05,0.03,0.8,0.05,0.0,0.0,0.03,0.0,0.04,0.0
1,1,0.0,0.88,0.03,0.03,0.01,0.0,0.0,0.01,0.03,0.01
0,0,0.88,0.0,0.05,0.01,0.0,0.04,0.02,0.0,0.0,0.0
8,8,0.08,0.0,0.14,0.11,0.03,0.1,0.06,0.0,0.42,0.06
7,7,0.0,0.01,0.03,0.1,0.16,0.02,0.0,0.55,0.03,0.1
5,5,0.07,0.01,0.04,0.08,0.03,0.6,0.04,0.03,0.04,0.06
8,8,0.03,0.08,0.0,0.03,0.04,0.05,0.01,0.05,0.53,0.18
1,1,0.0,1.0,0.0,0.0,0.0,0.0,0.0,0.0,0.0,0.0
5,5,0.01,0.01,0.0,0.2,0.02,0.57,0.07,0.02,0.02,0.08
6,6,0.01,0.0,0.02,0.0,0.0,0.0,0.95,0.0,0.01,0.01
6,6,0.0,0.01,0.01,0.0,0.0,0.01,0.97,0.0,0.0,0.0
1,1,0.01,0.89,0.0,0.0,0.04,0.0,0.01,0.01,0.03,0.01
7,7,0.02,0.08,0.11,0.06,0.08,0.0,0.07,0.39,0.1,0.09
6,6,0.0,0.0,0.02,0.02,0.0,0.01,0.94,0.0,0.01,0.0
6,6,0.04,0.05,0.07,0.01,0.09,0.0,0.69,0.02,0.01,0.02
1,1,0.0,0.99,0.01,0.0,0.0,0.0,0.0,0.0,0.0,0.0
2,2,0.0,0.03,0.83,0.08,0.0,0.01,0.01,0.0,0.04,0.0
6,6,0.02,0.0,0.01,0.02,0.05,0.01,0.88,0.0,0.0,0.01
8,8,0.0,0.03,0.02,0.19,0.06,0.06,0.02,0.03,0.53,0.06
3,3,0.0,0.02,0.0,0.9,0.0,0.06,0.0,0.0,0.02,0.0
6,6,0.06,0.0,0.0,0.0,0.03,0.0,0.86,0.03,0.01,0.01
8,8,0.05,0.0,0.15,0.13,0.08,0.07,0.05,0.01,0.41,0.05
5,5,0.01,0.0,0.0,0.13,0.0,0.83,0.0,0.0,0.02,0.01
9,9,0.01,0.0,0.03,0.01,0.09,0.0,0.01,0.01,0.01,0.83
9,9,0.01,0.0,0.0,0.0,0.09,0.02,0.0,0.08,0.02,0.78
7,7,0.02,0.0,0.05,0.13,0.04,0.02,0.01,0.4,0.02,0.31
3,3,0.16,0.01,0.02,0.51,0.0,0.26,0.0,0.01,0.02,0.01
9,9,0.0,0.01,0.02,0.07,0.1,0.05,0.0,0.02,0.03,0.7
3,3,0.04,0.0,0.0,0.77,0.05,0.09,0.0,0.0,0.03,0.02
1,1,0.0,0.89,0.0,0.03,0.0,0.01,0.0,0.02,0.05,0.0
3,3,0.02,0.01,0.01,0.67,0.01,0.2,0.01,0.0,0.04,0.03
2,2,0.0,0.01,0.93,0.0,0.01,0.0,0.0,0.0,0.05,0.0
3,3,0.01,0.01,0.0,0.83,0.04,0.05,0.0,0.0,0.05,0.01
8,8,0.02,0.0,0.03,0.01,0.02,0.02,0.01,0.02,0.87,0.0
0,0,0.93,0.0,0.03,0.0,0.0,0.03,0.0,0.01,0.0,0.0
6,6,0.0,0.0,0.01,0.01,0.06,0.0,0.91,0.01,0.0,0.0
8,8,0.02,0.04,0.14,0.09,0.03,0.12,0.06,0.06,0.37,0.07
8,8,0.01,0.01,0.01,0.0,0.01,0.0,0.0,0.01,0.95,0.0
7,7,0.0,0.03,0.02,0.04,0.04,0.07,0.03,0.51,0.05,0.21
5,5,0.0,0.01,0.0,0.02,0.07,0.81,0.0,0.02,0.04,0.03
5,5,0.0,0.0,0.0,0.04,0.01,0.88,0.01,0.02,0.0,0.04
8,8,0.03,0.0,0.12,0.04,0.04,0.04,0.02,0.01,0.66,0.04
6,6,0.01,0.01,0.02,0.0,0.0,0.01,0.95,0.0,0.0,0.0
5,5,0.04,0.0,0.06,0.05,0.02,0.63,0.09,0.03,0.03,0.05
3,3,0.01,0.0,0.02,0.85,0.0,0.05,0.0,0.01,0.04,0.02
1,7,0.01,0.09,0.03,0.06,0.14,0.09,0.02,0.31,0.06,0.19
6,6,0.0,0.0,0.0,0.01,0.01,0.0,0.96,0.0,0.0,0.02
2,2,0.0,0.0,0.97,0.0,0.01,0.0,0.01,0.0,0.01,0.0
1,1,0.0,0.92,0.0,0.04,0.0,0.01,0.0,0.0,0.01,0.02
8,8,0.01,0.01,0.03,0.01,0.01,0.03,0.02,0.03,0.8,0.05
9,9,0.0,0.0,0.01,0.01,0.12,0.0,0.01,0.13,0.0,0.72
4,4,0.0,0.0,0.01,0.0,0.97,0.0,0.02,0.0,0.0,0.0
8,8,0.02,0.0,0.07,0.11,0.02,0.05,0.06,0.01,0.65,0.01
3,3,0.08,0.03,0.12,0.42,0.03,0.01,0.08,0.0,0.21,0.02
8,8,0.08,0.02,0.12,0.01,0.1,0.14,0.09,0.05,0.3,0.09
2,2,0.02,0.01,0.72,0.08,0.03,0.01,0.05,0.0,0.07,0.01
8,8,0.03,0.02,0.03,0.01,0.0,0.07,0.01,0.0,0.7,0.13
4,4,0.0,0.02,0.0,0.01,0.62,0.04,0.01,0.1,0.01,0.19
3,3,0.01,0.0,0.0,0.76,0.01,0.08,0.0,0.02,0.11,0.01
2,2,0.05,0.02,0.59,0.02,0.05,0.04,0.11,0.04,0.05,0.03
0,0,0.99,0.0,0.0,0.0,0.0,0.0,0.01,0.0,0.0,0.0
3,3,0.01,0.0,0.08,0.73,0.0,0.07,0.0,0.0,0.1,0.01
7,7,0.01,0.0,0.0,0.0,0.0,0.03,0.01,0.94,0.0,0.01
7,7,0.0,0.0,0.0,0.0,0.0,0.0,0.0,1.0,0.0,0.0
5,5,0.02,0.01,0.0,0.05,0.0,0.88,0.02,0.0,0.02,0.0
3,3,0.0,0.03,0.02,0.41,0.03,0.08,0.0,0.09,0.11,0.23
2,2,0.02,0.11,0.41,0.05,0.06,0.05,0.15,0.05,0.08,0.02
2,2,0.0,0.01,0.91,0.0,0.0,0.0,0.04,0.0,0.04,0.0
6,0,0.64,0.0,0.03,0.02,0.02,0.17,0.09,0.02,0.01,0.0
4,2,0.04,0.01,0.38,0.05,0.08,0.06,0.29,0.01,0.08,0.0
6,6,0.0,0.0,0.03,0.01,0.04,0.07,0.72,0.0,0.1,0.03
5,3,0.01,0.31,0.01,0.32,0.0,0.26,0.01,0.0,0.07,0.01
8,8,0.0,0.0,0.02,0.02,0.0,0.0,0.0,0.0,0.93,0.03
8,8,0.0,0.07,0.03,0.01,0.01,0.01,0.01,0.0,0.83,0.03
3,3,0.02,0.0,0.04,0.79,0.02,0.04,0.01,0.04,0.02,0.02
1,1,0.0,1.0,0.0,0.0,0.0,0.0,0.0,0.0,0.0,0.0
9,9,0.04,0.0,0.13,0.02,0.13,0.08,0.03,0.25,0.02,0.3
0,0,0.96,0.0,0.0,0.0,0.0,0.0,0.03,0.0,0.01,0.0
9,9,0.0,0.01,0.0,0.03,0.01,0.0,0.0,0.0,0.02,0.93
6,6,0.03,0.0,0.02,0.01,0.01,0.01,0.89,0.01,0.02,0.0
0,0,0.72,0.01,0.01,0.04,0.0,0.09,0.05,0.04,0.03,0.01
7,7,0.01,0.01,0.01,0.0,0.0,0.02,0.0,0.94,0.01,0.0
4,4,0.0,0.0,0.0,0.0,0.97,0.0,0.0,0.02,0.0,0.01
7,7,0.0,0.0,0.03,0.02,0.02,0.02,0.0,0.91,0.0,0.0
3,3,0.0,0.0,0.01,0.94,0.0,0.02,0.0,0.0,0.01,0.02
9,9,0.0,0.0,0.01,0.01,0.03,0.01,0.0,0.11,0.0,0.83
3,5,0.04,0.02,0.01,0.3,0.03,0.32,0.09,0.02,0.13,0.04
4,4,0.0,0.0,0.0,0.01,0.91,0.01,0.01,0.02,0.01,0.03
3,3,0.0,0.01,0.0,0.82,0.01,0.08,0.0,0.01,0.02,0.05
5,5,0.04,0.01,0.01,0.24,0.02,0.55,0.02,0.02,0.05,0.04
2,2,0.0,0.03,0.9,0.03,0.0,0.0,0.02,0.01,0.01,0.0
5,9,0.02,0.02,0.04,0.04,0.05,0.26,0.02,0.08,0.1,0.37
3,3,0.0,0.05,0.04,0.82,0.03,0.0,0.01,0.02,0.02,0.01
2,2,0.05,0.0,0.27,0.13,0.13,0.18,0.11,0.03,0.07,0.03
7,7,0.0,0.01,0.0,0.0,0.11,0.02,0.0,0.8,0.02,0.04
3,3,0.02,0.05,0.11,0.6,0.04,0.03,0.02,0.03,0.08,0.02
8,8,0.0,0.0,0.01,0.01,0.1,0.0,0.0,0.04,0.64,0.2
1,1,0.0,0.84,0.04,0.01,0.01,0.02,0.0,0.04,0.01,0.03
8,8,0.01,0.08,0.04,0.01,0.02,0.05,0.05,0.05,0.67,0.02
6,6,0.0,0.06,0.09,0.03,0.13,0.01,0.51,0.07,0.08,0.02
3,3,0.01,0.0,0.0,0.99,0.0,0.0,0.0,0.0,0.0,0.0
1,1,0.0,0.97,0.0,0.02,0.0,0.0,0.0,0.0,0.01,0.0
2,2,0.0,0.04,0.78,0.07,0.02,0.01,0.04,0.0,0.04,0.0
4,4,0.07,0.0,0.18,0.03,0.34,0.02,0.21,0.06,0.03,0.06
2,2,0.0,0.08,0.79,0.02,0.02,0.0,0.01,0.04,0.03,0.01
6,6,0.0,0.02,0.07,0.01,0.03,0.03,0.82,0.0,0.02,0.0
7,7,0.0,0.0,0.0,0.0,0.0,0.0,0.0,1.0,0.0,0.0
0,0,0.87,0.0,0.0,0.0,0.02,0.01,0.04,0.0,0.02,0.04
5,5,0.0,0.0,0.0,0.01,0.0,0.98,0.0,0.0,0.01,0.0
1,1,0.0,0.98,0.0,0.0,0.0,0.0,0.0,0.01,0.0,0.01
2,2,0.01,0.0,0.83,0.03,0.01,0.02,0.06,0.01,0.02,0.01
5,5,0.0,0.0,0.01,0.04,0.09,0.69,0.04,0.0,0.06,0.07
7,7,0.0,0.0,0.0,0.0,0.0,0.0,0.01,0.98,0.0,0.01
1,1,0.0,1.0,0.0,0.0,0.0,0.0,0.0,0.0,0.0,0.0
8,8,0.02,0.02,0.08,0.09,0.03,0.07,0.03,0.02,0.64,0.0
0,0,0.99,0.0,0.0,0.0,0.0,0.01,0.0,0.0,0.0,0.0
5,5,0.02,0.01,0.0,0.1,0.03,0.79,0.01,0.0,0.02,0.02
6,6,0.05,0.01,0.05,0.04,0.06,0.08,0.63,0.0,0.04,0.04
8,2,0.01,0.05,0.47,0.05,0.01,0.02,0.06,0.05,0.28,0.0
0,0,0.94,0.0,0.01,0.02,0.0,0.0,0.0,0.01,0.0,0.02
0,0,0.98,0.0,0.01,0.0,0.0,0.0,0.01,0.0,0.0,0.0
6,6,0.0,0.01,0.04,0.0,0.12,0.0,0.78,0.02,0.0,0.03
1,1,0.0,0.83,0.09,0.01,0.01,0.01,0.04,0.0,0.01,0.0
1,1,0.0,0.93,0.06,0.01,0.0,0.0,0.0,0.0,0.0,0.0
3,3,0.06,0.0,0.06,0.77,0.01,0.07,0.01,0.0,0.0,0.02
5,5,0.14,0.01,0.0,0.17,0.09,0.25,0.02,0.17,0.06,0.09
0,0,0.86,0.01,0.02,0.02,0.01,0.03,0.01,0.03,0.0,0.01
4,4,0.02,0.0,0.03,0.0,0.72,0.08,0.04,0.04,0.02,0.05
6,6,0.0,0.0,0.01,0.01,0.15,0.01,0.8,0.02,0.0,0.0
6,6,0.02,0.01,0.14,0.03,0.2,0.01,0.57,0.0,0.02,0.0
2,2,0.0,0.04,0.5,0.01,0.21,0.06,0.12,0.0,0.04,0.02
1,1,0.05,0.21,0.19,0.17,0.0,0.11,0.0,0.17,0.07,0.03
3,3,0.0,0.05,0.33,0.52,0.0,0.04,0.02,0.0,0.04,0.0
8,8,0.02,0.05,0.05,0.09,0.03,0.27,0.02,0.01,0.43,0.03
6,6,0.0,0.0,0.02,0.0,0.36,0.01,0.55,0.02,0.03,0.01
0,0,0.89,0.0,0.02,0.0,0.01,0.0,0.04,0.01,0.0,0.03
5,5,0.02,0.01,0.05,0.1,0.04,0.46,0.11,0.01,0.17,0.03
5,5,0.03,0.0,0.01,0.13,0.11,0.27,0.0,0.13,0.08,0.24
1,1,0.0,0.99,0.0,0.01,0.0,0.0,0.0,0.0,0.0,0.0
2,2,0.04,0.01,0.39,0.02,0.05,0.04,0.06,0.04,0.29,0.06
2,2,0.02,0.0,0.53,0.03,0.11,0.07,0.05,0.03,0.11,0.05
3,3,0.01,0.02,0.11,0.7,0.0,0.02,0.0,0.0,0.09,0.05
4,4,0.0,0.0,0.01,0.01,0.94,0.01,0.0,0.0,0.01,0.02
6,6,0.0,0.0,0.0,0.0,0.0,0.0,1.0,0.0,0.0,0.0
0,0,0.95,0.0,0.03,0.0,0.0,0.0,0.02,0.0,0.0,0.0
2,2,0.05,0.01,0.62,0.17,0.01,0.01,0.02,0.0,0.1,0.01
4,4,0.0,0.0,0.01,0.0,0.96,0.0,0.0,0.0,0.01,0.02
7,7,0.01,0.0,0.0,0.01,0.0,0.0,0.0,0.91,0.0,0.07
7,7,0.0,0.0,0.0,0.0,0.0,0.0,0.0,1.0,0.0,0.0
1,1,0.0,0.94,0.0,0.01,0.01,0.0,0.01,0.02,0.01,0.0
8,8,0.01,0.14,0.18,0.06,0.01,0.01,0.0,0.02,0.57,0.0
3,3,0.0,0.01,0.01,0.8,0.01,0.1,0.0,0.0,0.02,0.05
9,9,0.0,0.0,0.0,0.01,0.05,0.03,0.0,0.06,0.0,0.85
3,3,0.01,0.0,0.03,0.51,0.07,0.16,0.01,0.01,0.07,0.13
8,8,0.0,0.0,0.04,0.03,0.07,0.03,0.02,0.0,0.8,0.01
4,7,0.0,0.01,0.04,0.01,0.23,0.02,0.04,0.5,0.03,0.12
0,0,0.73,0.0,0.01,0.02,0.01,0.14,0.02,0.01,0.06,0.0
3,3,0.01,0.01,0.02,0.8,0.01,0.03,0.0,0.01,0.09,0.02
2,2,0.01,0.13,0.25,0.07,0.04,0.17,0.07,0.01,0.22,0.03
5,5,0.02,0.01,0.03,0.01,0.02,0.82,0.02,0.01,0.03,0.03
9,9,0.01,0.0,0.03,0.01,0.12,0.04,0.02,0.03,0.02,0.72
5,2,0.12,0.01,0.3,0.09,0.05,0.23,0.04,0.09,0.02,0.05
9,9,0.0,0.0,0.0,0.03,0.15,0.02,0.0,0.11,0.01,0.68
3,3,0.0,0.0,0.0,0.98,0.0,0.02,0.0,0.0,0.0,0.0
9,9,0.02,0.0,0.01,0.03,0.19,0.04,0.02,0.07,0.04,0.58
3,3,0.0,0.03,0.07,0.64,0.01,0.18,0.01,0.01,0.02,0.03
0,0,0.99,0.0,0.01,0.0,0.0,0.0,0.0,0.0,0.0,0.0
7,7,0.0,0.0,0.0,0.0,0.01,0.0,0.0,0.99,0.0,0.0
4,4,0.0,0.01,0.02,0.08,0.42,0.11,0.0,0.05,0.05,0.26
3,3,0.02,0.02,0.01,0.63,0.02,0.18,0.02,0.03,0.01,0.06
5,5,0.06,0.02,0.1,0.07,0.0,0.5,0.07,0.03,0.11,0.04
3,3,0.01,0.09,0.1,0.38,0.0,0.23,0.03,0.02,0.11,0.03
6,6,0.0,0.0,0.02,0.0,0.05,0.0,0.91,0.01,0.01,0.0
8,8,0.0,0.0,0.01,0.01,0.0,0.0,0.0,0.0,0.98,0.0
0,0,0.96,0.0,0.0,0.01,0.0,0.01,0.0,0.0,0.0,0.02
6,6,0.0,0.0,0.02,0.0,0.03,0.02,0.89,0.0,0.04,0.0
3,3,0.01,0.0,0.06,0.74,0.03,0.08,0.0,0.0,0.05,0.03
5,5,0.06,0.06,0.01,0.04,0.06,0.34,0.15,0.06,0.22,0.0
3,3,0.04,0.03,0.04,0.78,0.01,0.03,0.02,0.01,0.04,0.0
9,9,0.0,0.06,0.0,0.06,0.07,0.01,0.0,0.04,0.0,0.76
0,0,0.42,0.0,0.04,0.04,0.03,0.13,0.23,0.01,0.07,0.03
8,8,0.01,0.0,0.1,0.03,0.06,0.03,0.05,0.0,0.71,0.01
6,6,0.0,0.01,0.02,0.0,0.21,0.02,0.7,0.02,0.0,0.02
7,7,0.0,0.0,0.13,0.09,0.05,0.01,0.01,0.61,0.03,0.07
5,5,0.08,0.0,0.06,0.05,0.03,0.62,0.04,0.01,0.07,0.04
1,1,0.02,0.82,0.07,0.0,0.01,0.03,0.0,0.0,0.05,0.0
0,0,0.88,0.01,0.01,0.02,0.01,0.02,0.04,0.0,0.0,0.01
7,7,0.0,0.02,0.01,0.33,0.05,0.01,0.0,0.35,0.0,0.23
0,0,0.69,0.0,0.06,0.04,0.03,0.04,0.09,0.02,0.01,0.02
4,4,0.01,0.0,0.0,0.0,0.54,0.03,0.0,0.1,0.03,0.29
3,3,0.0,0.0,0.02,0.87,0.01,0.06,0.01,0.0,0.01,0.02
5,5,0.0,0.02,0.0,0.26,0.0,0.69,0.0,0.0,0.02,0.01
4,4,0.01,0.0,0.0,0.01,0.78,0.02,0.04,0.0,0.06,0.08
1,1,0.0,0.99,0.01,0.0,0.0,0.0,0.0,0.0,0.0,0.0
0,0,0.93,0.01,0.04,0.0,0.0,0.0,0.0,0.01,0.01,0.0
8,8,0.07,0.02,0.08,0.26,0.01,0.13,0.03,0.0,0.38,0.02
5,5,0.0,0.0,0.0,0.0,0.0,0.97,0.0,0.02,0.01,0.0
8,8,0.0,0.0,0.04,0.03,0.02,0.0,0.0,0.01,0.9,0.0
1,1,0.0,1.0,0.0,0.0,0.0,0.0,0.0,0.0,0.0,0.0
2,2,0.01,0.0,0.9,0.0,0.0,0.01,0.07,0.0,0.01,0.0
8,8,0.06,0.03,0.07,0.11,0.01,0.11,0.01,0.01,0.55,0.04
0,0,0.86,0.0,0.0,0.01,0.0,0.04,0.05,0.0,0.02,0.02
3,3,0.0,0.0,0.03,0.89,0.01,0.02,0.01,0.0,0.02,0.02
5,5,0.0,0.03,0.01,0.09,0.03,0.75,0.01,0.0,0.03,0.05
8,9,0.01,0.0,0.01,0.02,0.05,0.04,0.01,0.07,0.12,0.67
3,3,0.02,0.03,0.04,0.79,0.01,0.05,0.0,0.0,0.05,0.01
7,7,0.0,0.03,0.01,0.03,0.01,0.01,0.0,0.77,0.02,0.12
3,3,0.0,0.03,0.0,0.67,0.02,0.02,0.0,0.12,0.01,0.13
8,8,0.02,0.0,0.04,0.02,0.02,0.02,0.01,0.01,0.83,0.03
2,2,0.02,0.0,0.78,0.0,0.02,0.03,0.12,0.0,0.02,0.01
4,4,0.0,0.0,0.0,0.0,0.93,0.04,0.02,0.0,0.01,0.0
9,9,0.0,0.01,0.0,0.0,0.07,0.04,0.01,0.04,0.01,0.82
2,6,0.01,0.02,0.25,0.21,0.07,0.07,0.3,0.02,0.05,0.0
3,3,0.0,0.01,0.0,0.95,0.0,0.04,0.0,0.0,0.0,0.0
9,9,0.01,0.0,0.05,0.07,0.15,0.02,0.0,0.17,0.03,0.5
4,4,0.0,0.0,0.0,0.0,0.92,0.0,0.01,0.01,0.01,0.05
8,8,0.02,0.07,0.12,0.12,0.0,0.01,0.01,0.02,0.62,0.01
8,8,0.03,0.0,0.02,0.02,0.01,0.02,0.0,0.0,0.88,0.02
1,1,0.0,0.98,0.0,0.01,0.01,0.0,0.0,0.0,0.0,0.0
7,7,0.0,0.01,0.02,0.01,0.02,0.0,0.0,0.91,0.01,0.02
4,4,0.03,0.01,0.06,0.02,0.38,0.08,0.13,0.09,0.14,0.06
3,3,0.0,0.01,0.01,0.91,0.0,0.03,0.0,0.01,0.02,0.01
0,0,0.89,0.0,0.04,0.0,0.0,0.03,0.01,0.01,0.02,0.0
2,2,0.01,0.0,0.79,0.0,0.03,0.01,0.02,0.03,0.04,0.07
7,7,0.0,0.05,0.09,0.04,0.02,0.0,0.01,0.77,0.0,0.02
8,8,0.0,0.0,0.02,0.05,0.0,0.04,0.0,0.03,0.86,0.0
4,4,0.04,0.0,0.16,0.01,0.35,0.05,0.01,0.13,0.04,0.21
6,6,0.0,0.0,0.01,0.0,0.0,0.0,0.98,0.0,0.0,0.01
1,1,0.0,0.99,0.0,0.0,0.0,0.0,0.0,0.01,0.0,0.0
5,5,0.05,0.03,0.1,0.06,0.08,0.56,0.06,0.04,0.0,0.02
6,6,0.02,0.02,0.01,0.0,0.01,0.02,0.88,0.0,0.02,0.02
1,1,0.0,0.95,0.03,0.0,0.0,0.0,0.0,0.0,0.02,0.0
5,5,0.02,0.01,0.01,0.02,0.08,0.63,0.02,0.11,0.02,0.08
8,8,0.0,0.0,0.01,0.01,0.09,0.04,0.03,0.02,0.79,0.01
9,9,0.0,0.0,0.0,0.0,0.04,0.0,0.0,0.06,0.0,0.9
8,8,0.0,0.02,0.0,0.0,0.08,0.12,0.01,0.02,0.69,0.06
2,2,0.02,0.0,0.38,0.04,0.1,0.02,0.07,0.18,0.07,0.12
3,3,0.01,0.0,0.0,0.93,0.01,0.04,0.0,0.0,0.0,0.01
1,1,0.0,1.0,0.0,0.0,0.0,0.0,0.0,0.0,0.0,0.0
6,6,0.0,0.0,0.01,0.01,0.0,0.0,0.97,0.0,0.01,0.0
7,7,0.0,0.0,0.0,0.0,0.0,0.0,0.0,1.0,0.0,0.0
2,2,0.0,0.0,0.98,0.0,0.01,0.01,0.0,0.0,0.0,0.0
7,7,0.01,0.0,0.06,0.05,0.09,0.01,0.0,0.46,0.08,0.24
7,7,0.0,0.0,0.0,0.0,0.0,0.02,0.0,0.93,0.0,0.05
2,2,0.16,0.01,0.58,0.05,0.01,0.04,0.1,0.0,0.04,0.01
0,0,0.59,0.0,0.05,0.0,0.03,0.07,0.16,0.0,0.09,0.01
7,7,0.0,0.03,0.05,0.15,0.01,0.0,0.0,0.61,0.08,0.07
4,4,0.0,0.0,0.01,0.01,0.77,0.0,0.0,0.03,0.01,0.17
5,5,0.07,0.02,0.03,0.14,0.04,0.63,0.01,0.01,0.03,0.02
1,1,0.0,1.0,0.0,0.0,0.0,0.0,0.0,0.0,0.0,0.0
2,2,0.06,0.0,0.79,0.02,0.04,0.02,0.01,0.0,0.04,0.02
6,6,0.01,0.0,0.02,0.0,0.18,0.0,0.76,0.01,0.01,0.01
5,5,0.0,0.01,0.0,0.15,0.0,0.81,0.0,0.0,0.02,0.01
2,2,0.0,0.0,1.0,0.0,0.0,0.0,0.0,0.0,0.0,0.0
2,2,0.01,0.06,0.44,0.07,0.04,0.07,0.11,0.05,0.13,0.02
1,1,0.0,1.0,0.0,0.0,0.0,0.0,0.0,0.0,0.0,0.0
6,6,0.01,0.0,0.0,0.0,0.01,0.01,0.96,0.0,0.01,0.0
2,2,0.0,0.01,0.57,0.17,0.0,0.0,0.01,0.02,0.22,0.0
7,2,0.09,0.0,0.46,0.0,0.12,0.06,0.09,0.02,0.11,0.05
4,4,0.02,0.0,0.01,0.01,0.57,0.02,0.24,0.05,0.05,0.03
5,5,0.02,0.0,0.01,0.01,0.05,0.67,0.05,0.01,0.09,0.09
9,9,0.0,0.01,0.0,0.01,0.03,0.02,0.0,0.01,0.03,0.89
3,3,0.0,0.0,0.04,0.9,0.03,0.01,0.01,0.01,0.0,0.0
7,7,0.0,0.0,0.0,0.0,0.0,0.0,0.01,0.91,0.0,0.08
3,3,0.0,0.02,0.0,0.74,0.0,0.17,0.03,0.0,0.03,0.01
5,5,0.01,0.0,0.0,0.0,0.04,0.9,0.03,0.01,0.0,0.01
0,0,0.88,0.0,0.01,0.02,0.01,0.05,0.0,0.0,0.03,0.0
9,9,0.0,0.01,0.0,0.0,0.05,0.0,0.02,0.07,0.01,0.84
2,2,0.0,0.03,0.8,0.05,0.0,0.0,0.01,0.1,0.0,0.01
5,5,0.06,0.01,0.01,0.05,0.02,0.7,0.02,0.05,0.04,0.04
9,9,0.0,0.01,0.01,0.01,0.1,0.01,0.0,0.02,0.0,0.84
7,7,0.0,0.02,0.04,0.02,0.02,0.01,0.01,0.84,0.0,0.04
0,0,0.92,0.0,0.03,0.01,0.0,0.02,0.0,0.01,0.0,0.01
3,2,0.04,0.01,0.47,0.06,0.03,0.05,0.02,0.06,0.24,0.02
4,4,0.0,0.0,0.0,0.01,0.84,0.0,0.0,0.03,0.0,0.12
5,5,0.0,0.15,0.12,0.03,0.01,0.42,0.04,0.01,0.21,0.01
9,9,0.0,0.0,0.01,0.01,0.09,0.03,0.0,0.06,0.05,0.75
2,2,0.0,0.0,0.96,0.01,0.01,0.0,0.01,0.0,0.01,0.0
9,9,0.0,0.0,0.0,0.02,0.04,0.01,0.0,0.01,0.01,0.91
7,7,0.02,0.0,0.0,0.0,0.05,0.02,0.0,0.89,0.0,0.02
0,0,0.9,0.0,0.02,0.03,0.0,0.02,0.02,0.01,0.0,0.0
5,5,0.01,0.07,0.04,0.25,0.0,0.49,0.0,0.01,0.11,0.02
6,6,0.0,0.01,0.03,0.0,0.12,0.02,0.75,0.02,0.04,0.01
1,1,0.0,1.0,0.0,0.0,0.0,0.0,0.0,0.0,0.0,0.0
4,4,0.07,0.02,0.16,0.01,0.52,0.05,0.06,0.01,0.08,0.02
0,0,0.8,0.0,0.05,0.02,0.01,0.05,0.03,0.0,0.0,0.04
7,7,0.0,0.02,0.07,0.13,0.06,0.0,0.0,0.59,0.02,0.11
1,1,0.0,1.0,0.0,0.0,0.0,0.0,0.0,0.0,0.0,0.0
8,8,0.0,0.0,0.01,0.03,0.01,0.0,0.0,0.01,0.94,0.0
2,2,0.02,0.11,0.38,0.07,0.01,0.02,0.04,0.26,0.05,0.04
4,4,0.0,0.0,0.02,0.0,0.89,0.01,0.01,0.01,0.02,0.04
3,3,0.0,0.01,0.04,0.84,0.0,0.06,0.0,0.0,0.02,0.03
2,2,0.0,0.01,0.91,0.0,0.0,0.01,0.04,0.01,0.02,0.0
9,9,0.0,0.03,0.0,0.12,0.13,0.19,0.08,0.04,0.03,0.38
0,0,0.99,0.0,0.01,0.0,0.0,0.0,0.0,0.0,0.0,0.0
4,4,0.0,0.0,0.0,0.0,0.99,0.0,0.0,0.0,0.0,0.01
3,3,0.06,0.01,0.07,0.33,0.05,0.22,0.12,0.05,0.03,0.06
5,5,0.01,0.0,0.0,0.02,0.02,0.93,0.0,0.02,0.0,0.0
9,9,0.07,0.01,0.06,0.01,0.07,0.02,0.07,0.21,0.01,0.47
7,7,0.0,0.0,0.0,0.01,0.0,0.0,0.0,0.99,0.0,0.0
5,5,0.01,0.0,0.0,0.21,0.01,0.63,0.0,0.0,0.1,0.04
3,3,0.03,0.0,0.01,0.9,0.0,0.02,0.01,0.0,0.02,0.01
4,4,0.0,0.0,0.02,0.0,0.89,0.01,0.02,0.0,0.01,0.05
2,2,0.21,0.02,0.32,0.02,0.09,0.08,0.05,0.05,0.06,0.1
0,0,0.79,0.0,0.04,0.01,0.04,0.09,0.01,0.01,0.01,0.0
3,3,0.0,0.02,0.04,0.67,0.01,0.03,0.02,0.05,0.07,0.09
5,9,0.07,0.02,0.0,0.24,0.05,0.18,0.02,0.08,0.09,0.25
9,9,0.0,0.0,0.02,0.01,0.09,0.02,0.0,0.05,0.02,0.79
3,3,0.0,0.02,0.01,0.65,0.08,0.09,0.01,0.03,0.05,0.06
7,7,0.0,0.0,0.0,0.0,0.01,0.0,0.0,0.99,0.0,0.0
0,0,0.97,0.0,0.0,0.0,0.0,0.0,0.02,0.0,0.01,0.0
2,2,0.01,0.02,0.57,0.04,0.04,0.02,0.03,0.15,0.1,0.02
9,9,0.0,0.0,0.0,0.0,0.0,0.0,0.0,0.07,0.0,0.93
6,6,0.02,0.0,0.01,0.01,0.01,0.0,0.93,0.01,0.0,0.01
5,5,0.09,0.01,0.01,0.14,0.02,0.6,0.06,0.02,0.02,0.03
6,6,0.0,0.0,0.03,0.0,0.02,0.0,0.94,0.0,0.0,0.01
1,1,0.0,0.63,0.05,0.02,0.03,0.04,0.0,0.15,0.01,0.07
3,3,0.0,0.0,0.0,0.91,0.0,0.09,0.0,0.0,0.0,0.0
3,9,0.01,0.0,0.04,0.11,0.12,0.02,0.01,0.06,0.03,0.6
5,5,0.0,0.0,0.01,0.04,0.01,0.89,0.03,0.0,0.02,0.0
9,9,0.0,0.0,0.0,0.0,0.05,0.01,0.01,0.0,0.0,0.93
2,2,0.01,0.01,0.63,0.1,0.1,0.03,0.05,0.03,0.03,0.01
5,5,0.04,0.01,0.03,0.04,0.04,0.68,0.01,0.03,0.06,0.06
1,1,0.0,1.0,0.0,0.0,0.0,0.0,0.0,0.0,0.0,0.0
1,1,0.0,1.0,0.0,0.0,0.0,0.0,0.0,0.0,0.0,0.0
9,9,0.0,0.01,0.03,0.02,0.02,0.01,0.0,0.21,0.0,0.7
9,9,0.07,0.0,0.1,0.03,0.18,0.08,0.03,0.01,0.13,0.37
4,4,0.0,0.0,0.0,0.0,0.99,0.0,0.0,0.0,0.0,0.01
2,2,0.04,0.0,0.59,0.01,0.03,0.05,0.08,0.0,0.17,0.03
9,9,0.0,0.0,0.0,0.0,0.02,0.01,0.01,0.01,0.0,0.95
1,1,0.0,1.0,0.0,0.0,0.0,0.0,0.0,0.0,0.0,0.0
0,0,0.98,0.0,0.0,0.0,0.0,0.01,0.0,0.0,0.01,0.0
3,3,0.01,0.03,0.0,0.76,0.02,0.04,0.01,0.02,0.08,0.03
3,5,0.01,0.04,0.01,0.3,0.0,0.49,0.01,0.0,0.09,0.05
2,2,0.0,0.0,0.89,0.02,0.0,0.0,0.04,0.02,0.03,0.0
5,5,0.04,0.01,0.01,0.06,0.02,0.76,0.01,0.01,0.06,0.02
5,5,0.01,0.04,0.01,0.09,0.0,0.7,0.01,0.03,0.05,0.06
5,5,0.04,0.1,0.16,0.02,0.07,0.37,0.07,0.0,0.16,0.01
6,6,0.05,0.0,0.01,0.01,0.0,0.01,0.91,0.0,0.01,0.0
0,0,0.46,0.0,0.03,0.0,0.03,0.1,0.28,0.08,0.02,0.0
7,7,0.0,0.0,0.0,0.0,0.0,0.0,0.0,1.0,0.0,0.0
4,4,0.01,0.0,0.0,0.0,0.9,0.01,0.0,0.02,0.03,0.03
9,9,0.0,0.0,0.0,0.0,0.04,0.01,0.0,0.02,0.04,0.89
1,1,0.0,0.99,0.0,0.0,0.0,0.0,0.0,0.0,0.01,0.0
7,7,0.01,0.0,0.0,0.01,0.02,0.02,0.0,0.92,0.0,0.02
2,2,0.02,0.0,0.77,0.01,0.03,0.01,0.06,0.04,0.01,0.05
1,1,0.0,0.99,0.0,0.0,0.0,0.0,0.0,0.0,0.01,0.0
3,3,0.0,0.02,0.02,0.73,0.05,0.11,0.02,0.02,0.01,0.02
6,6,0.0,0.0,0.01,0.0,0.0,0.01,0.96,0.0,0.02,0.0
0,0,1.0,0.0,0.0,0.0,0.0,0.0,0.0,0.0,0.0,0.0
0,0,0.99,0.0,0.0,0.0,0.0,0.0,0.0,0.0,0.01,0.0
1,1,0.0,0.97,0.0,0.0,0.0,0.0,0.0,0.0,0.03,0.0
9,8,0.04,0.01,0.04,0.02,0.21,0.1,0.03,0.1,0.26,0.19
2,7,0.01,0.03,0.38,0.05,0.0,0.0,0.0,0.43,0.07,0.03
5,0,0.22,0.02,0.07,0.13,0.03,0.14,0.1,0.14,0.11,0.04
4,4,0.02,0.0,0.03,0.0,0.71,0.0,0.09,0.07,0.03,0.05
6,6,0.01,0.0,0.01,0.0,0.0,0.03,0.94,0.0,0.01,0.0
2,2,0.0,0.0,0.48,0.02,0.09,0.03,0.02,0.09,0.03,0.24
2,2,0.01,0.01,0.61,0.03,0.03,0.02,0.05,0.13,0.04,0.07
0,0,0.35,0.0,0.07,0.01,0.1,0.03,0.32,0.05,0.01,0.06
3,3,0.01,0.0,0.03,0.82,0.0,0.06,0.0,0.02,0.02,0.04
4,4,0.0,0.0,0.01,0.01,0.76,0.02,0.05,0.06,0.03,0.06
4,4,0.0,0.0,0.0,0.0,1.0,0.0,0.0,0.0,0.0,0.0
6,6,0.07,0.0,0.1,0.02,0.02,0.02,0.64,0.0,0.09,0.04
9,9,0.0,0.06,0.01,0.04,0.07,0.05,0.01,0.05,0.09,0.62
8,8,0.01,0.02,0.02,0.0,0.01,0.03,0.0,0.02,0.85,0.04
1,1,0.01,0.59,0.11,0.01,0.0,0.04,0.0,0.11,0.1,0.03
7,7,0.0,0.01,0.11,0.02,0.01,0.0,0.0,0.82,0.01,0.02
5,5,0.03,0.0,0.04,0.04,0.07,0.41,0.1,0.0,0.15,0.16
9,9,0.02,0.0,0.0,0.03,0.08,0.04,0.0,0.07,0.0,0.76
1,1,0.0,1.0,0.0,0.0,0.0,0.0,0.0,0.0,0.0,0.0
6,6,0.03,0.07,0.05,0.09,0.03,0.08,0.5,0.02,0.1,0.03
2,9,0.01,0.0,0.15,0.03,0.22,0.06,0.05,0.19,0.05,0.24
2,2,0.03,0.01,0.77,0.06,0.03,0.04,0.01,0.02,0.02,0.01
9,9,0.0,0.0,0.0,0.02,0.05,0.02,0.01,0.06,0.01,0.83
2,2,0.02,0.04,0.42,0.1,0.01,0.02,0.07,0.16,0.07,0.09
3,3,0.04,0.01,0.05,0.52,0.03,0.06,0.0,0.02,0.23,0.04
7,7,0.0,0.0,0.0,0.0,0.0,0.0,0.0,1.0,0.0,0.0
7,7,0.0,0.01,0.0,0.01,0.0,0.0,0.0,0.94,0.0,0.04
7,7,0.0,0.0,0.0,0.01,0.0,0.0,0.0,0.99,0.0,0.0
6,6,0.0,0.0,0.02,0.01,0.03,0.0,0.93,0.0,0.01,0.0
3,3,0.02,0.0,0.03,0.59,0.03,0.07,0.01,0.02,0.11,0.12
7,7,0.0,0.0,0.0,0.01,0.03,0.0,0.01,0.88,0.0,0.07
5,5,0.01,0.0,0.03,0.07,0.06,0.61,0.01,0.01,0.06,0.14
1,1,0.01,0.79,0.0,0.02,0.01,0.01,0.05,0.0,0.09,0.02
1,1,0.0,0.97,0.0,0.03,0.0,0.0,0.0,0.0,0.0,0.0
6,6,0.02,0.0,0.03,0.01,0.06,0.01,0.85,0.0,0.01,0.01
3,3,0.0,0.02,0.0,0.96,0.0,0.01,0.0,0.0,0.01,0.0
6,6,0.0,0.0,0.01,0.0,0.0,0.01,0.98,0.0,0.0,0.0
5,5,0.02,0.02,0.05,0.02,0.12,0.55,0.07,0.02,0.09,0.04
1,1,0.0,0.98,0.0,0.01,0.0,0.01,0.0,0.0,0.0,0.0
6,6,0.02,0.0,0.03,0.0,0.06,0.02,0.83,0.0,0.04,0.0
8,8,0.01,0.04,0.06,0.2,0.03,0.1,0.01,0.01,0.5,0.04
1,1,0.0,1.0,0.0,0.0,0.0,0.0,0.0,0.0,0.0,0.0
6,6,0.01,0.0,0.01,0.0,0.04,0.01,0.89,0.0,0.04,0.0
1,1,0.0,1.0,0.0,0.0,0.0,0.0,0.0,0.0,0.0,0.0
4,4,0.0,0.03,0.01,0.03,0.67,0.04,0.01,0.06,0.07,0.08
6,6,0.0,0.0,0.0,0.0,0.0,0.0,0.99,0.0,0.01,0.0
3,3,0.0,0.0,0.01,0.94,0.01,0.0,0.0,0.0,0.04,0.0
1,1,0.0,0.99,0.0,0.01,0.0,0.0,0.0,0.0,0.0,0.0
8,8,0.02,0.0,0.01,0.0,0.01,0.02,0.01,0.0,0.93,0.0
0,0,0.93,0.0,0.0,0.0,0.0,0.02,0.03,0.02,0.0,0.0
9,9,0.0,0.0,0.07,0.02,0.09,0.0,0.03,0.04,0.02,0.73
9,9,0.0,0.0,0.0,0.0,0.04,0.0,0.0,0.02,0.0,0.94
0,0,1.0,0.0,0.0,0.0,0.0,0.0,0.0,0.0,0.0,0.0
3,3,0.09,0.0,0.22,0.41,0.0,0.07,0.03,0.03,0.13,0.02
4,4,0.01,0.0,0.0,0.03,0.76,0.02,0.0,0.07,0.04,0.07
3,3,0.02,0.0,0.02,0.88,0.03,0.0,0.0,0.0,0.04,0.01
8,8,0.01,0.02,0.02,0.02,0.02,0.03,0.04,0.01,0.83,0.0
2,2,0.02,0.02,0.82,0.01,0.0,0.03,0.04,0.0,0.06,0.0
7,7,0.0,0.0,0.0,0.0,0.0,0.01,0.01,0.95,0.0,0.03
8,8,0.04,0.01,0.21,0.22,0.02,0.15,0.04,0.01,0.3,0.0
1,1,0.0,0.99,0.0,0.01,0.0,0.0,0.0,0.0,0.0,0.0
2,2,0.0,0.01,0.81,0.04,0.03,0.02,0.06,0.0,0.03,0.0
0,0,0.85,0.0,0.0,0.07,0.0,0.03,0.0,0.0,0.04,0.01
5,5,0.02,0.0,0.02,0.03,0.04,0.71,0.05,0.04,0.07,0.02
1,1,0.0,0.98,0.0,0.01,0.01,0.0,0.0,0.0,0.0,0.0
4,0,0.27,0.01,0.21,0.11,0.12,0.11,0.1,0.04,0.02,0.01
5,5,0.0,0.0,0.0,0.0,0.0,0.9,0.0,0.01,0.04,0.05
3,3,0.02,0.0,0.06,0.62,0.02,0.06,0.02,0.01,0.18,0.01
8,8,0.05,0.0,0.03,0.11,0.03,0.11,0.01,0.01,0.62,0.03
5,5,0.01,0.01,0.01,0.12,0.02,0.54,0.02,0.01,0.15,0.11
3,3,0.07,0.0,0.06,0.62,0.0,0.15,0.0,0.01,0.04,0.05
3,3,0.02,0.01,0.08,0.79,0.01,0.04,0.01,0.0,0.03,0.01
2,2,0.06,0.0,0.83,0.0,0.01,0.02,0.03,0.01,0.02,0.02
8,8,0.05,0.0,0.01,0.03,0.0,0.22,0.12,0.04,0.39,0.14
8,8,0.0,0.02,0.06,0.02,0.0,0.01,0.03,0.0,0.86,0.0
3,3,0.0,0.0,0.0,0.99,0.0,0.0,0.0,0.0,0.0,0.01
